[
  {
    "question": "Реляциялық дерекқор нені білдіреді?",
    "variant": "Деректерді сақтайтын байланысқан кестелер жиынтығы"
  },
  {
    "question": "SQL Server-де жаңа кесте қандай командамен жасалады?",
    "variant": "CREATE TABLE"
  },
  {
    "question": "SQL Server-де ағымдағы күн мен уақытты алу үшін қандай функция қолданылады?",
    "variant": "GETDATE()"
  },
  {
    "question": "SQL Server-де PRIMARY KEY нені білдіреді?",
    "variant": "Кестедегі жолдың бірегей идентификаторы"
  },
  {
    "question": "SQL-де JOIN командасы не үшін қолданылады?",
    "variant": "Бірнеше кестелерден жолдарды біріктіру үшін"
  },
  {
    "question": "Дерекқордағы FOREIGN KEY нені білдіреді?",
    "variant": "Басқа кестенің PRIMARY KEY-не сілтеме жасайтын өріс"
  },
  {
    "question": "SQL Server-де қолданыстағы кестенің құрылымын өзгерту үшін қандай команда қолданылады?",
    "variant": "ALTER TABLE"
  },
  {
    "question": "Бағанда мәндердің қайталануын болдырмау үшін қандай шектеу қолданылады?",
    "variant": "UNIQUE"
  },
  {
    "question": "SQL Server-дегі индекстер дегеніміз не?",
    "variant": "Кестеде деректерді іздеуді жылдамдататын нысандар"
  },
  {
    "question": "SQL-де жолды кестеден жою үшін қандай команда қолданылады?",
    "variant": "DELETE"
  },
  {
    "question": "Қай SQL операторы жолдарды шарт бойынша фильтрацияллау үшін қолданылады?",
    "variant": "WHERE"
  },
  {
    "question": "SQL Server-де транзакция дегеніміз не?",
    "variant": "Біртұтас орындалатын SQL операцияларының тізбегі"
  },
  {
    "question": "Кестедегі жолдардың санын есептеу үшін SQL-де қандай оператор қолданылады?",
    "variant": "COUNT"
  },
  {
    "question": "ROLLBACK командасына қатысты қандай тұжырым дұрыс?",
    "variant": "Ағымдағы транзакцияда жасалған барлық өзгертулерді болдырмайды"
  },
  {
    "question": "Кестеге деректер қосу үшін қандай команда қолданылады?",
    "variant": "INSERT INTO"
  },
  {
    "question": "SQL-де кестелерді біріктіру үшін қандай кілт сөз қолданылады?",
    "variant": "JOIN"
  },
  {
    "question": "SQL Server-де үлкен мәтіндік мәндерді сақтау үшін қандай деректер түрі қолданылады?",
    "variant": "TEXT"
  },
  {
    "question": "Бағаннан бірегей мәндерді қайтару үшін қандай оператор қолданылады?",
    "variant": "DISTINCT"
  },
  {
    "question": "‘Department’ мәні ‘IT’ болатын 'Employees' кестесінен барлық жолдарды таңдау үшін қандай оператор қолданылады?",
    "variant": "SELECT * FROM Employees WHERE Department = 'IT'"
  },
  {
    "question": "SQL-де UPDATE командасы не үшін қолданылады?",
    "variant": "Кестедегі бар деректерді өзгерту үшін"
  },
  {
    "question": "SQL Server-де жаңа дерекқор жасау үшін қандай команда қолданылады?",
    "variant": "CREATE DATABASE"
  },
  {
    "question": "DROP TABLE командасы не істейді?",
    "variant": "Кестені дерекқордан жояды"
  },
  {
    "question": "Екі сұраудың нәтижелерін біріктіру үшін қай оператор қолданылады?",
    "variant": "UNION"
  },
  {
    "question": "Бағандағы мәндердің бірегейлігін қамтамасыз ету үшін қандай индекс түрі жасалады?",
    "variant": "UNIQUE"
  },
  {
    "question": "SELECT TOP 10 * FROM Customers командасы не істейді?",
    "variant": "Customers кестесінен алғашқы 10 жолды қайтарады"
  },
  {
    "question": "SQL Server-де бірегей мәндері бар жазбаларды қайтару үшін қандай команда қолданылады?",
    "variant": "SELECT DISTINCT"
  },
  {
    "question": "Қай оператор SQL-сұрау негізінде виртуалды кесте жасайды?",
    "variant": "VIEW"
  },
  {
    "question": "ALTER DATABASE командасы не істейді?",
    "variant": "Дерекқор параметрлерін өзгертеді"
  },
  {
    "question": "SQL-де GROUP BY командасы не үшін қолданылады?",
    "variant": "Белгілі бір бағандағы бірдей мәндерге ие жолдарды топтастыру үшін"
  },
  {
    "question": "SQL Server-де қай функция сұрау нәтижесіндегі жолдардың санын қайтарады?",
    "variant": "COUNT"
  },
  {
    "question": "SQL-де бағандағы ең үлкен мәнді қайтаратын функция қандай?",
    "variant": "MAX"
  },
  {
    "question": "SQL-де HAVING операторы не істейді?",
    "variant": "GROUP BY қолданғаннан кейін агрегатталған деректерді сүзеді"
  },
  {
    "question": "Дерекқордағы \"нормализация\" термині нені білдіреді?",
    "variant": "Деректердің артықтығын азайту процесі"
  },
  {
    "question": "Кесте құрылымын жоймай барлық жолдарды жою үшін SQL-де қай оператор қолданылады?",
    "variant": "TRUNCATE TABLE"
  },
  {
    "question": "SQL Server-де уақытсыз тек күнді сақтау үшін қай деректер түрі қолайлы?",
    "variant": "DATE"
  },
  {
    "question": "Бар жазбадағы деректерді өзгерту үшін SQL-де қандай команда қолданылады?",
    "variant": "UPDATE"
  },
  {
    "question": "Дерекқор схемасы дегеніміз не?",
    "variant": "Дерекқордың логикалық құрылымы"
  },
  {
    "question": "SQL-де DELETE командасы не үшін қолданылады?",
    "variant": "Кестеден жолдарды жою үшін"
  },
  {
    "question": "Кластерлік индекс дегеніміз не?",
    "variant": "Кестедегі деректердің физикалық ретін өзгертетін индекс"
  },
  {
    "question": "SQL Server-де уақытша кесте жасау үшін қандай команда қолданылады?",
    "variant": "CREATE TEMPORARY TABLE"
  },
  {
    "question": "DDL нені білдіреді?",
    "variant": "Data Definition Language"
  },
  {
    "question": "COMMIT командасы не үшін қолданылады?",
    "variant": "Транзакциядағы өзгерістерді растау үшін"
  },
  {
    "question": "LEFT JOIN функциясы не істейді?",
    "variant": "Сол жақ кестедегі барлық жолдарды және оң жақ кестедегі сәйкес жолдарды қайтарады"
  },
  {
    "question": "SQL Server-де бүтін сандарды сақтау үшін қандай деректер түрі қолданылады?",
    "variant": "INT"
  },
  {
    "question": "SQL-де ORDER BY командасы не істейді?",
    "variant": "Нәтижені көрсетілген баған бойынша сұрыптайды"
  },
  {
    "question": "SQL-де DEFAULT кілт сөзі не үшін қолданылады?",
    "variant": "Бағанға әдепкі мән орнату үшін"
  },
  {
    "question": "SQL оператор UNION ALL не істейді?",
    "variant": "Екі сұраудың нәтижелерін біріктіреді, қайталанатын жолдарды қоса"
  },
  {
    "question": "SQL-де шартты тексеру үшін қай оператор қолданылады?",
    "variant": "CASE"
  },
  {
    "question": "SQL Server-де ISNULL функциясы не істейді?",
    "variant": "NULL мәнін басқа мәнмен алмастырады"
  },
  {
    "question": "Дерекқор контексінде \"триггер\" дегеніміз не?",
    "variant": "Деректер өзгерген кезде автоматты түрде орындалатын процедура"
  },
  {
    "question": "SQL-де бағандағы ең кіші мәнді қайтаратын функция қандай?",
    "variant": "MIN"
  },
  {
    "question": "Деректердің физикалық орналасуын кестеде реттейтін қандай индекс түрі?",
    "variant": "Кластерлік индекс"
  },
  {
    "question": "Қолданыстағы кестеге жаңа баған қосу үшін SQL-де қандай оператор қолданылады?",
    "variant": "ALTER TABLE"
  },
  {
    "question": "SQL сұрауларында түсініктемелер қосу үшін қандай SQL операторы қолданылады?",
    "variant": "-- (екі сызықша)"
  },
  {
    "question": "SQL-де пайдаланушылардың кестелерге кіру құқықтарын өзгерту үшін қандай команда қолданылады?",
    "variant": "GRANT"
  },
  {
    "question": "SQL оператор EXCEPT не істейді?",
    "variant": "Бірінші кестеде бар, бірақ екінші кестеде жоқ жолдарды қайтарады"
  },
  {
    "question": "INNER JOIN операторы не үшін қолданылады?",
    "variant": "Екі кестеде сәйкестік болса, екі кестеден жолдарды біріктіру үшін"
  },
  {
    "question": "COUNT(*) функциясы қандай мән қайтарады?",
    "variant": "Кестедегі барлық жолдардың санын"
  },
  {
    "question": "CHECK операторы не білдіреді?",
    "variant": "Бағандағы деректер мәнін тексеретін шектеу"
  },
  {
    "question": "Тұрақты байланысты екі кесте арасында жасау үшін қай SQL операторы қолданылады?",
    "variant": "FOREIGN KEY"
  },
  {
    "question": "DISTINCT операторы не үшін қолданылады?",
    "variant": "Сұрау нәтижесінде қайталанатын жолдарды жою үшін"
  },
  {
    "question": "Кестеден деректерді жойып, бірақ оның құрылымын сақтауға арналған команда қандай?",
    "variant": "TRUNCATE TABLE"
  },
  {
    "question": "Төмендегі SQL операторларының қайсысы агрегатталған деректер негізінде жолдарды сүзу үшін қолданылады?",
    "variant": "HAVING"
  },
  {
    "question": "ACID базалық деректер транзакциялары контексінде не білдіреді?",
    "variant": "Atomicity, Consistency, Isolation, Durability"
  },
  {
    "question": "Дерекқорда жаңа кесте құру үшін қандай SQL командасы қолданылады?",
    "variant": "CREATE TABLE"
  },
  {
    "question": "SQL LIKE операторы не істейді?",
    "variant": "Шаблонға сәйкес келетін жолдарды табуға мүмкіндік береді"
  },
  {
    "question": "Тек TRUE немесе FALSE мәндерін сақтау үшін қандай деректер түрі қолданылады?",
    "variant": "BIT"
  },
  {
    "question": "PRIMARY KEY не білдіреді?",
    "variant": "Кестедегі әрбір жазбаны бірегей түрде анықтайтын өріс немесе өрістер жиынтығы"
  },
  {
    "question": "SQL-де AVG функциясы не істейді?",
    "variant": "Бағандағы орташа мәнді қайтарады"
  },
  {
    "question": "DML (Data Manipulation Language) не?",
    "variant": "Кестелердегі деректермен манипуляция жасауға арналған командалар жиынтығы"
  },
  {
    "question": "UNION операторы не үшін қолданылады?",
    "variant": "Екі сұраудың нәтижелерін біріктіру және қайталанатын жолдарды жою үшін"
  },
  {
    "question": "Дерекқордағы NULL не білдіреді?",
    "variant": "Деректердің болмауы немесе анықталмаған мән"
  },
  {
    "question": "SSMS-та мәтіндік редактордағы қаріп өлшемін өзгерту үшін қай мәзірді таңдайсыз?",
    "variant": "«Сервис»"
  },
  {
    "question": "Мәтіндік редакторда қаріп өлшемін қандай мәнге өзгерту ұсынылады?",
    "variant": "14"
  },
  {
    "question": "SSMS-та «Параметры» терезесіне қалай кіруге болады?",
    "variant": "«Сервис» → «Параметры»"
  },
  {
    "question": "Конструкторда қандай параметрді алып тастау керек?",
    "variant": "«Кестені қайта жасау қажет болатын өзгерістерді сақтау тыйымын»"
  },
  {
    "question": "SSMS параметрлерінде қандай бөлімде қаріп өлшемін өзгертуге болады?",
    "variant": "Текстовый редактор"
  },
  {
    "question": "«Параметры» терезесінде қосымша параметрлерді қай бөлімде өзгертуге болады?",
    "variant": "Конструктор"
  },
  {
    "question": "SSMS-та қаріп өлшемін өзгерту нені жақсартады?",
    "variant": "Мәтінді оқу ыңғайлылығын"
  },
  {
    "question": "Конструктордағы «Кестені қайта жасау қажет болатын өзгерістерді сақтау тыйымын» алып тастағанда не болады?",
    "variant": "Кестеге өзгерістерді сақтауға мүмкіндік береді"
  },
  {
    "question": "SSMS-тағы «Сервис» мәзірі қай мақсатқа арналған?",
    "variant": "Бағдарлама параметрлерін өзгерту"
  },
  {
    "question": "Қаріп өлшемі өзгертілгенде мәтін қалай өзгереді?",
    "variant": "Үлкенірек және оқуға ыңғайлы болады"
  },
  {
    "question": "SSMS параметрлерінде «Параметры» терезесі қай бөлімді басқарады?",
    "variant": "Редактор, конструктор, терезелердің көрінісі"
  },
  {
    "question": "Конструктордағы тыйымды алып тастағанда SQL Server не істемейді?",
    "variant": "Өзгерістерді блоктамайды"
  },
  {
    "question": "SSMS-та «Параметры» терезесінде қаріп өлшемін өзгерту қай бөлімде жиі қажет?",
    "variant": "Текстовый редактор"
  },
  {
    "question": "SSMS-та «Параметры» терезесіне қандай жылдам жолмен кіруге болады?",
    "variant": "«Сервис» → «Параметры»"
  },
  {
    "question": "Конструктордағы тыйымды алып тастағанда қандай әрекетке рұқсат беріледі?",
    "variant": "Кестедегі өзгерістерді сақтау"
  },
  {
    "question": "SSMS-та қаріп өлшемін қандай үшін өзгертеді?",
    "variant": "Мәтінді оқуды жеңілдету"
  },
  {
    "question": "Конструктор параметрлерін өзгертуге рұқсат береді?",
    "variant": "Кесте құрылымын өзгертуге"
  },
  {
    "question": "SSMS-та «Сервис» мәзірі арқылы нені басқаруға болады?",
    "variant": "Бағдарламаның барлық параметрлерін"
  },
  {
    "question": "SSMS-та қаріп өлшемін өзгерту мәтінді қалай әсер етеді?",
    "variant": "Оқуға ыңғайлырақ етеді"
  },
  {
    "question": "Конструктордағы тыйымды алып тастағанда неге мән беріледі?",
    "variant": "Кесте құрылымындағы өзгерістерді сақтауға"
  },
  {
    "question": "Бүкіл базаны жою үшін қандай SQL операторы пайдаланылады?",
    "variant": "DROP DATABASE"
  },
  {
    "question": "Қай SQL операторы деректер базасының күйін команда орындалған сәтте сақтауға мүмкіндік береді??",
    "variant": "BACKUP DATABASE"
  },
  {
    "question": "Деректер базасында \"тұтастықты тексеру\" не?",
    "variant": "Деректердің дәлдігін және келісімділігін қамтамасыз ету процесі"
  },
  {
    "question": "JOIN түрі, екі кестеде сәйкес келмейтін жолдарды қайтарады?",
    "variant": "FULL OUTER JOIN"
  },
  {
    "question": "Бірегей индекс жасау үшін қандай SQL командасы қолданылады?",
    "variant": "CREATE UNIQUE INDEX"
  },
  {
    "question": "Қай SQL операторы таблицадан деректерді алу үшін пайдаланылады?",
    "variant": "SELECT"
  },
  {
    "question": "ROLLBACK операторы не үшін пайдаланылады?",
    "variant": "Транзакция шеңберінде жасалған өзгерістерді болдырмау үшін"
  },
  {
    "question": "Кестеге жаңа бағанды қосу үшін қандай SQL операторы пайдаланады?",
    "variant": "ALTER TABLE ADD"
  },
  {
    "question": "Санды мәнді дөңгелектеу үшін қандай SQL функциясы қолданылады?",
    "variant": "ROUND"
  },
  {
    "question": "SQL операторы COUNT(NULL) қандай мән қайтарады?",
    "variant": "0"
  },
  {
    "question": "Жаңа көрініс қосу үшін қандай SQL командасы пайдаланылады?",
    "variant": "CREATE VIEW"
  },
  {
    "question": "Деректерді кестеге қосу үшін қандай SQL операторы пайдаланылады?",
    "variant": "INSERT INTO"
  },
  {
    "question": "SQL функциясы MAX қандай мән қайтарады?",
    "variant": "Бағандағы максималды мән"
  },
  {
    "question": "Индексті жою үшін қандай SQL операторы пайдаланылады?",
    "variant": "DROP INDEX"
  },
  {
    "question": "Индекс жасау үшін қандай SQL операторы пайдаланылады?",
    "variant": "CREATE INDEX"
  },
  {
    "question": "SQL Server-де DATEDIFF функциясы не істейді?",
    "variant": "Екі дата арасындағы айырманы қайтарады"
  },
  {
    "question": "Деректерді өсу тәртібімен сұрыптау үшін қандай SQL операторы пайдаланылады?",
    "variant": "ORDER BY ASC"
  },
  {
    "question": "Кестенің атын өзгерту үшін қандай SQL командасы пайдаланылады?",
    "variant": "ALTER TABLE RENAME"
  },
  {
    "question": "Кестеден жолды жою үшін қандай SQL операторы пайдаланылады?",
    "variant": "DELETE FROM"
  },
  {
    "question": "Екі кестені қосу үшін қандай SQL операторы пайдаланылады?",
    "variant": "JOIN"
  },
  {
    "question": "Сандык мәндерді ондық дәлдікпен сақтау үшін ең дұрыс деректер түрі қандай?",
    "variant": "DECIMAL"
  },
  {
    "question": "Кестеде жолдардың санын есептеу үшін қандай SQL оператор пайдаланылады?",
    "variant": "COUNT"
  },
  {
    "question": "SQL Server-де сақтаулы процедура деген не?",
    "variant": "Қайталанатын пайдалану үшін сақталған SQL командалары жиынтығы"
  },
  {
    "question": "Кестеден барлық жазбаларды жою, бірақ кестенің құрылымын сақтау үшін қандай SQL операторы пайдаланылады?",
    "variant": "TRUNCATE TABLE"
  },
  {
    "question": "Жаңа мәліметтер базасын жасау үшін қандай SQL операторы пайдаланылады?",
    "variant": "CREATE DATABASE"
  },
  {
    "question": "Деректер базасының құрылымын анықтау процесін қандай термин сипаттайды?",
    "variant": "Деректерді модельдеу"
  },
  {
    "question": "Бағандағы минималды мәнді табу үшін қандай SQL операторы пайдаланылады?",
    "variant": "MIN"
  },
  {
    "question": "Кестедегі деректерді өзгерту үшін қандай SQL командасы пайдаланылады?",
    "variant": "UPDATE"
  },
  {
    "question": "Уақытша кесте жасау үшін қандай SQL операторы пайдаланылады?",
    "variant": "CREATE TABLE #temp"
  },
  {
    "question": "Жазбаларды жаңартқанда деректердің тұтастығын қамтамасыз ету үшін қандай әдіс пайдаланылады?",
    "variant": "Транзакциялар"
  },
  {
    "question": "Деректер базасында PRIMARY KEY деген не?",
    "variant": "Кестедегі жолдың бірегей идентификаторы"
  },
  {
    "question": "Бағандағы орташа мәнді есептеу үшін қандай SQL операторы пайдаланылады?",
    "variant": "AVG"
  },
  {
    "question": "Екі дата-ның арасындағы айырманы қайтаратын SQL операторы қандай?",
    "variant": "DATEDIFF"
  },
  {
    "question": "Екі кесте арасындағы тек сәйкес жазбаларды қайтаратын JOIN түрі қандай?",
    "variant": "INNER JOIN"
  },
  {
    "question": "Деректер базасында \"домен\" не?",
    "variant": "Белгілі бір атрибут үшін рұқсат етілген мәндердің жиынтығы"
  },
  {
    "question": "Толық мәтінді іздеу үшін қандай индекс түрі пайдаланылады?",
    "variant": "Full-Text"
  },
  {
    "question": "Жолды үлкен әріпке айналдыру үшін қандай SQL операторы пайдаланылады?",
    "variant": "UPPER"
  },
  {
    "question": "Екі кестені шарт бойынша біріктіру үшін қандай SQL операторы пайдаланылады?",
    "variant": "JOIN"
  },
  {
    "question": "SQL Server-де LEN функциясы не істейді?",
    "variant": "Жолдың ұзындығын қайтарады"
  },
  {
    "question": "Сұраудан бірегей жолдарды алу үшін қандай SQL операторы пайдаланылады?",
    "variant": "DISTINCT"
  },
  {
    "question": "Сұраудың нәтижелерінен дубликаттарды жою үшін қандай SQL операторы?",
    "variant": "DISTINCT"
  },
  {
    "question": "WHERE операторы қандай мақсатта пайдаланылады?",
    "variant": "Шартқа негізделген жазбаларды сүзеді"
  },
  {
    "question": "SQL Server-де күн мен уақытты сақтау үшін қандай деректер типі пайдаланылады?",
    "variant": "DATETIME"
  },
  {
    "question": "Кестеге жаңа мән қосу үшін қандай SQL оператор пайдаланылады?",
    "variant": "INSERT INTO"
  },
  {
    "question": "Дубликаттармен бірге жолдарды бір нәтиже ретінде біріктіру үшін қандай SQL операторы пайдаланылады?",
    "variant": "UNION ALL"
  },
  {
    "question": "Кестедегі деректерді жаңарту үшін қандай SQL оператор пайдаланылады?",
    "variant": "UPDATE"
  },
  {
    "question": "HAVING операторы қандай мақсатта пайдаланылады?",
    "variant": "Агрегат функциялардың нәтижелерін сүзу"
  },
  {
    "question": "Кестеден деректерді жою үшін қандай SQL оператор пайдаланылады?",
    "variant": "DELETE FROM"
  },
  {
    "question": "Жаңа көрініс жасау үшін қандай SQL операторы пайдаланылады?",
    "variant": "CREATE VIEW"
  },
  {
    "question": "SQL операторы SELECT INTO не істейді?",
    "variant": "Деректерді жаңа кестеге көшіреді"
  },
  {
    "question": "Сұрауда жолдардың топтасуын анықтайтын SQL операторы қандай?",
    "variant": "GROUP BY"
  },
  {
    "question": "Деректерді кему тәртібінде сұрыптау үшін қандай SQL операторы пайдаланылады?",
    "variant": "ORDER BY DESC"
  },
  {
    "question": "Екі сұраныстың нәтижелерін дубликаттарсыз біріктіру үшін қандай SQL операторы пайдаланылады?",
    "variant": "UNION"
  },
  {
    "question": "Егер бір таблицада кем дегенде бір сәйкестік болса, барлық жазбаларды қайтаратын  JOIN типі?",
    "variant": "FULL OUTER JOIN"
  },
  {
    "question": "Сақталған процедура жасау үшін қандай SQL операторы пайдаланылады?",
    "variant": "CREATE PROCEDURE"
  },
  {
    "question": "SQL-де UNIQUE операторы қандай мақсатта пайдаланылады?",
    "variant": "Бағандағы мәндердің бірегейлігін қамтамасыз етеді"
  },
  {
    "question": "Деректер базасын жасау үшін қандай SQL операторы пайдаланылады?",
    "variant": "CREATE DATABASE"
  },
  {
    "question": "Бір кестеден екінші кестеге деректерді көшіру үшін қандай SQL операторы пайдаланылады?",
    "variant": "INSERT INTO SELECT"
  },
  {
    "question": "Ағымдағы күн мен уақытты қайтаратын SQL функциясы қандай?",
    "variant": "GETDATE()"
  },
  {
    "question": "SQL операторы CREATE INDEX не істейді?",
    "variant": "Іздеуді жылдамдату үшін индекс жасайды"
  },
  {
    "question": "Резервтік көшірмеден деректерді қалпына келтіру үшін қандай SQL операторы пайдаланылады?",
    "variant": "RESTORE DATABASE"
  },
  {
    "question": "SQL операторы DROP COLUMN не істейді?",
    "variant": "Кестеден бағанды жояды"
  },
  {
    "question": "Кестенің құрылымын жоймай, деректерді тазарту үшін қандай SQL операторы пайдаланылады?",
    "variant": "TRUNCATE TABLE"
  },
  {
    "question": "Белгілі бір бағандарға деректер қосу үшін қандай SQL операторы пайдаланылады?",
    "variant": "INSERT INTO … VALUES"
  },
  {
    "question": "SQL Server-де TOP операторы қандай мақсатта пайдаланылады?",
    "variant": "Қайтарылатын жолдар санын шектейді"
  },
  {
    "question": "Кестенің бар-жоғын тексеру үшін қандай SQL операторы пайдаланылады?",
    "variant": "IF EXISTS"
  },
  {
    "question": "SQL Server-де тек \"иә/жоқ\" мәндерін сақтау үшін қандай деректер типі пайдаланылады?",
    "variant": "BIT"
  },
  {
    "question": "Бірегей мәндері бар уақытша кесте жасау үшін қандай оператор пайдаланылады?",
    "variant": "SELECT DISTINCT INTO"
  },
  {
    "question": "Тек екі кесте арасындағы сәйкес жазбаларды қайтару үшін қандай JOIN түрі пайдаланылады?",
    "variant": "INNER JOIN"
  },
  {
    "question": "SQL Server-де ағымдағы пайдаланушыны анықтайтын функция қандай?",
    "variant": "CURRENT_USER"
  },
  {
    "question": "Деректер базасын нормализациялау контексіндегі \"тәуелділік\" дегеніміз не?",
    "variant": "Кестедегі атрибуттар арасындағы байланыс"
  },
  {
    "question": "Жолды санға айналдыру үшін қандай функция пайдаланылады?",
    "variant": "CAST"
  },
  {
    "question": "Үлкен мәтіндік деректерді сақтау үшін қандай деректер типі пайдаланылады?",
    "variant": "TEXT"
  },
  {
    "question": "Ағымдағы айды қайтаратын SQL функциясы қандай?",
    "variant": "MONTH(GETDATE())"
  },
  {
    "question": "Баған үшін әдепкі мәнді орнату үшін қандай оператор пайдаланылады?",
    "variant": "DEFAULT"
  },
  {
    "question": "Сұраныста дубликат жолдарды жою үшін қандай SQL операторы пайдаланылады?",
    "variant": "DISTINCT"
  },
  {
    "question": "Қайсы SQL операторы деректерге қолжетімділікті(доступ) шектеу үшін қолданылады??",
    "variant": "GRANT"
  },
  {
    "question": "SQL функциясы ROUND не істейді?",
    "variant": "Сандық мәнді дөңгелектейді"
  },
  {
    "question": "Жаңа индекс жасау үшін қандай SQL операторы пайдаланылады?",
    "variant": "CREATE INDEX"
  },
  {
    "question": "DROP TABLE операторы не істейді?",
    "variant": "Деректер базасынан кестені жояды"
  },
  {
    "question": "Кестелер арасында байланыс орнату үшін қандай оператор пайдаланылады?",
    "variant": "FOREIGN KEY"
  },
  {
    "question": "ISNULL функциясы не істейді?",
    "variant": "NULL мәнін әдепкі мәнмен ауыстырады"
  },
  {
    "question": "Әр түрлі кестелерден жолдарды біріктіру үшін қандай SQL операторы пайдаланылады?",
    "variant": "UNION"
  },
  {
    "question": "Кестеден жолды жою үшін қандай SQL операторы пайдаланылады?",
    "variant": "DELETE"
  },
  {
    "question": "Кестеге жаңа баған қосу үшін қандай оператор пайдаланылады?",
    "variant": "ALTER TABLE … ADD COLUMN"
  },
  {
    "question": "Күннен(дата) жылды шығару үшін қандай функция пайдаланылады?",
    "variant": "YEAR"
  },
  {
    "question": "Индекс жою үшін қандай оператор пайдаланылады?",
    "variant": "DROP INDEX"
  },
  {
    "question": "Жаңа кесте жасау үшін қандай SQL операторы пайдаланылады?",
    "variant": "CREATE TABLE"
  },
  {
    "question": "SQL Server Management Studio (SSMS) дегеніміз не?",
    "variant": "Деректер қорын басқаруға арналған құрал"
  },
  {
    "question": "T-SQL скрипті дегеніміз не?",
    "variant": "Деректер қорында әрекеттерді орындау үшін жазылған SQL командалары жиынтығы"
  },
  {
    "question": "SSMS-ті іске қосқаннан кейін бірінші не істеу керек?",
    "variant": "SQL Server үлгісіне қосылу"
  },
  {
    "question": "SQL Server-де деректер қорын жасау үшін қандай команда қолданылады?",
    "variant": "CREATE DATABASE"
  },
  {
    "question": "Кесте жасау үшін қандай SQL командасы қолданылады?",
    "variant": "CREATE TABLE"
  },
  {
    "question": "PRIMARY KEY нені білдіреді?",
    "variant": "Кестедегі жолдың бірегей идентификаторы"
  },
  {
    "question": "FOREIGN KEY нені білдіреді?",
    "variant": "Бір кестедегі бағанның екінші кестедегі бағанға сілтеме жасайтынын"
  },
  {
    "question": "SQL-де мәліметтерді кестеге қосу үшін қандай команда қолданылады?",
    "variant": "INSERT INTO"
  },
  {
    "question": "SQL-де деректерді өзгерту үшін қолданылатын команда?",
    "variant": "UPDATE"
  },
  {
    "question": "SQL-де кестедегі жолдарды өшіру командасы?",
    "variant": "DELETE"
  },
  {
    "question": "SQL-де кестені жою командасы?",
    "variant": "DROP TABLE"
  },
  {
    "question": "SQL-де кестеге баған қосу командасы?",
    "variant": "ALTER TABLE … ADD"
  },
  {
    "question": "SQL-де деректерді сұрыптау үшін қандай оператор қолданылады?",
    "variant": "ORDER BY"
  },
  {
    "question": "SQL-де деректерді топтау командасы?",
    "variant": "GROUP BY"
  },
  {
    "question": "SQL-де шарт бойынша деректерді алу командасы?",
    "variant": "WHERE"
  },
  {
    "question": "SQL-де кестеден барлық деректерді алу командасы?",
    "variant": "SELECT * FROM"
  },
  {
    "question": "SSMS-та T-SQL скриптін орындау үшін қандай батырма қолданылады?",
    "variant": "Execute"
  },
  {
    "question": "SSMS-та Object Explorer деген не үшін қолданылады?",
    "variant": "SQL Server объектілерін қарау және басқару"
  },
  {
    "question": "T-SQL скриптін сақтау үшін қандай кеңейтім жиі қолданылады?",
    "variant": "sql"
  },
  {
    "question": "Қандай SQL операторы бағанда бірегей мәндерді таңдау үшін қолданылады?",
    "variant": "DISTINCT"
  },
  {
    "question": "Реляциялық алгебрада \"картезианское произведение\" дегеніміз не?",
    "variant": "Екі кестеден барлық жазбалардың бірігуінің нәтижесі"
  },
  {
    "question": "SQL Server-де үлкен екілік деректерді, мысалы, суреттерді сақтау үшін қандай деректер типі пайдаланылады?",
    "variant": "VARBINARY(MAX)"
  },
  {
    "question": "Қандай SQL операторы бар бағанның мәнін өзгерту үшін пайдаланылады?",
    "variant": "UPDATE"
  },
  {
    "question": "Қандай SQL функциясы ағымдағы күн мен уақытты қайтарады?",
    "variant": "GETDATE()"
  },
  {
    "question": "Қандай SQL операторы шартқа негізделген жолдарды фильтрлеуге мүмкіндік береді?",
    "variant": "WHERE"
  },
  {
    "question": "Қандай SQL операторы көрініс (представление) жасау үшін пайдаланылады?",
    "variant": "CREATE VIEW"
  },
  {
    "question": "Қандай SQL операторы шектеуді жою үшін пайдаланылады?",
    "variant": "ALTER TABLE … DROP CONSTRAINT"
  },
  {
    "question": "Қандай SQL операторы сыртқы кілт (внешний ключ) жасау үшін пайдаланылады?",
    "variant": "FOREIGN KEY"
  },
  {
    "question": "Қандай SQL операторы мәнді дөңгелектеу үшін пайдаланылады?",
    "variant": "ROUND"
  },
  {
    "question": "Үлкен мәтіндік мәндерді сақтау үшін қандай деректер типі пайдаланылады?",
    "variant": "TEXT"
  },
  {
    "question": "Бағанда CHECK шектеуін қосу үшін қандай оператор пайдаланылады?",
    "variant": "CHECK"
  },
  {
    "question": "Қандай SQL операторы кестедегі барлық жолдарды жояды, бірақ кестенің өзін жоймайды?",
    "variant": "TRUNCATE"
  },
  {
    "question": "Қандай SQL функциясы бағанда минималды мәнді алуға пайдаланылады?",
    "variant": "MIN"
  },
  {
    "question": "Қандай SQL операторы деректер базасының резервтік көшірмесін жасау үшін пайдаланылады?",
    "variant": "BACKUP"
  },
  {
    "question": "Қандай оператор екі кестені ортақ мәндер бойынша біріктіру үшін пайдаланылады?",
    "variant": "JOIN"
  },
  {
    "question": "Қандай SQL операторы бар көріністің (представление) құрылымын өзгерту үшін пайдаланылады?",
    "variant": "ALTER VIEW"
  },
  {
    "question": "Қандай SQL операторы шарт шын болған жағдайда әрекетті орындау үшін пайдаланылады?",
    "variant": "IF"
  },
  {
    "question": "Қандай индекс түрі деректерді оқу өнімділігін арттырады?",
    "variant": "Кластерлік индекс"
  },
  {
    "question": "Қандай SQL операторы екі сұраныстан деректерді біріктіру үшін, қатарларды қайталамай пайдаланылады?",
    "variant": "UNION"
  },
  {
    "question": "Қандай SQL функциясы нәтиже NULL болса, әдепкі мәнді қайтарады?",
    "variant": "COALESCE"
  },
  {
    "question": "Қандай SQL операторы бағанның деректер типін түрлендіру үшін пайдаланылады?",
    "variant": "CAST"
  },
  {
    "question": "Қандай функция ағымдағы уақытты алуға пайдаланылады?",
    "variant": "GETTIME()"
  },
  {
    "question": "Қандай SQL операторы кестеден барлық деректерді уақытша жою үшін пайдаланылады?",
    "variant": "TRUNCATE"
  },
  {
    "question": "Даталар мен уақытты сақтау үшін қандай деректер типі ең қолайлы?",
    "variant": "DATETIME"
  },
  {
    "question": "Қандай SQL операторы бір кестеден басқа кестеге деректерді қосу үшін пайдаланылады?",
    "variant": "INSERT INTO SELECT"
  },
  {
    "question": "Қандай оператор нәтижелерді кему тәртібімен сұрыптау үшін пайдаланылады?",
    "variant": "ORDER BY DESC"
  },
  {
    "question": "Қандай оператор SQL кодына түсініктеме қосу үшін пайдаланылады?",
    "variant": "-- немесе /* … */"
  },
  {
    "question": "Дәлізді ондық бөлімі бар дәл сандарды сақтау үшін қандай деректер типі пайдаланылады?",
    "variant": "DECIMAL"
  },
  {
    "question": "Қандай SQL операторы резервтік көшірмеден деректерді қалпына келтіру үшін пайдаланылады?",
    "variant": "RESTORE"
  },
  {
    "question": "Қандай функция ағымдағы аптаның күнін қайтарады?",
    "variant": "DATEPART(dw, GETDATE())"
  },
  {
    "question": "Қандай SQL операторы нәтижелік жинақтан NULL мәндері бар жолдарды шығаруға мүмкіндік береді?",
    "variant": "IS NOT NULL"
  },
  {
    "question": "Қандай SQL операторы екі кестені ортақ баған бойынша қосу үшін пайдаланылады?",
    "variant": "JOIN ON"
  },
  {
    "question": "Қандай SQL функциясы берілген мәнге жақын бүтін санды қайтарады?",
    "variant": "ROUND"
  },
  {
    "question": "Қандай SQL функциясы жолдың басын тексеру үшін пайдаланылады?",
    "variant": "LEFT"
  },
  {
    "question": "Қандай SQL операторы агрегаттық функциялар үшін шарт қоюға мүмкіндік береді?",
    "variant": "HAVING"
  },
  {
    "question": "Қандай оператор деректер базасында жаңа пайдаланушы жасау үшін пайдаланылады?",
    "variant": "CREATE USER"
  },
  {
    "question": "Қандай SQL операторы кестеден барлық жолдарды жою үшін пайдаланылады?",
    "variant": "DELETE"
  },
  {
    "question": "Қандай SQL операторы бар пайдаланушының атын өзгерту үшін пайдаланылады?",
    "variant": "ALTER USER"
  },
  {
    "question": "Деректер базасы контекстінде нормализация дегеніміз не?",
    "variant": "Артықшылықтарды азайту үшін деректерді ұйымдастыру процесі"
  },
  {
    "question": "Үш деңгейлі архитектураның қай деңгейі пайдаланушымен өзара әрекеттесуге жауап береді?",
    "variant": "Көрініс деңгейі"
  },
  {
    "question": "\"Негізгі кілт\" дегеніміз не?",
    "variant": "Кестедегі жазбаның бірегей идентификаторы"
  },
  {
    "question": "Екінші нормализация формасында (2NF) қандай тәуелділік жойылады?",
    "variant": "Жартылай тәуелділік"
  },
  {
    "question": "Доменнің бүтіндігі дегеніміз не?",
    "variant": "Бағанда деректер үшін рұқсат етілген мәндерді тексеру"
  },
  {
    "question": "Қайсысы бірегейлікті анықтайтын SQL операторы?",
    "variant": "UNIQUE"
  },
  {
    "question": "Келесі әдістердің қайсысы деректерді қалпына келтіру үшін пайдаланылады?",
    "variant": "Резервтік көшіру және қалпына келтіру"
  },
  {
    "question": "Нысанды-байланыс деректер моделінің анықтамасы неде?",
    "variant": "Объектілер мен олардың қатынастарын сипаттайтын модель"
  },
  {
    "question": "Деректердің қандай тұтастық түрі кестелер арасындағы байланыстарға қатысты?",
    "variant": "Сілтемелік тұтастық"
  },
  {
    "question": "Келесі деңгейлердің қайсысы үш деңгейлі архитектураның бөлігі емес?",
    "variant": "Деректер базасының деңгейі"
  },
  {
    "question": "Деректер моделінің қай элементі деректер арасындағы құрылым мен байланысты сипаттайды?",
    "variant": "Субъектілер"
  },
  {
    "question": "Деректердің қай тәуелділік түрі артықшылыққа алып келуі мүмкін?",
    "variant": "Транзитивтік тәуелділіктер"
  },
  {
    "question": "Келесі нормализация түрлерінің қайсысы деректердің артықшылығын жояды?",
    "variant": "Нормализация"
  },
  {
    "question": "Деректер базасындағы \"транзакция\" термині нені білдіреді?",
    "variant": "Біртұтас операциялар жиынтығы"
  },
  {
    "question": "Үш деңгейлі архитектураның қай деңгейі бизнес логикасына жауап береді?",
    "variant": "Бизнестің логика деңгейі"
  },
  {
    "question": "Қандай кілт екі кестені байланыстырады?",
    "variant": "Сыртқы кілт"
  },
  {
    "question": "Келесі нормализация деңгейлерінің қайсысы қайталанатын топтарды жояды?",
    "variant": "Бірінші нормалық форма (1NF)"
  },
  {
    "question": "Келесі аспектілердің қайсысы деректердің тұтастығына қатысты емес?",
    "variant": "Деректерді бірнеше көшірмеде сақтау"
  },
  {
    "question": "Үш деңгейлі архитектураның қай деңгейі деректерді пайдаланушыға көрсетуге жауап береді?",
    "variant": "Көрініс деңгейі"
  },
  {
    "question": "Келесі әдістердің қайсысы деректердің тұтастығын қорғау үшін пайдаланылады?",
    "variant": "Шектеулер (constraints)"
  },
  {
    "question": "Деректер моделін жасау контексінде \"бастапқы субъект\" дегеніміз не?",
    "variant": "Жүйеде бірегей идентификацияланатын негізгі деректер бірлігі"
  },
  {
    "question": "Денормализация негізіндегі принцип қандай?",
    "variant": "Нормализацияны азайту арқылы сұраныстардың өнімділігін арттыру"
  },
  {
    "question": "\"Нормальды форма\" дегеніміз не?",
    "variant": "Кестедегі деректерді ұйымдастыру үшін анықталған құрылым"
  },
  {
    "question": "Екінші нормальды формада (2NF) қандай тәуелділік жойылады?",
    "variant": "Жартылай тәуелділік"
  },
  {
    "question": "Деректер моделінің қай элементі атрибуттар мен субъектілер арасындағы байланысты сипаттайды?",
    "variant": "Субъект"
  },
  {
    "question": "Сыртқы кілттерді қамтитын кестені сипаттау үшін қандай термин қолданылады?",
    "variant": "Бағынышты(подчиненная) кесте"
  },
  {
    "question": "Үш деңгейлі архитектураның қай деңгейі деректерді сақтау үшін жауап береді?",
    "variant": "Деректер базасының деңгейі"
  },
  {
    "question": "Атрибуттардың рұқсат етілген мәндеріне шектеулерді қамтитын деректердің тұтастық түрі қандай?",
    "variant": "Домендік тұтастық"
  },
  {
    "question": "\"Субъект\" деректер моделін жасау контексінде не?",
    "variant": "Біз деректер жинайтын объект немесе түсінік"
  },
  {
    "question": "Келесі нормализация деңгейлерінің қайсысы транзитивтік тәуелділіктерді жояды?",
    "variant": "Үшінші нормалық форма (3NF)"
  },
  {
    "question": "Келесі элементтердің қайсысы деректердің тұтастығына қатысты?",
    "variant": "Шектеулер (constraints)"
  },
  {
    "question": "Деректерді сақтау үшін кестелерді пайдаланатын деректер моделінің түрі қандай?",
    "variant": "Реляциялық модель"
  },
  {
    "question": "SQL Server Management Studio қандай мақсатта қолданылады?",
    "variant": "Деректер қорын басқару және сұраныстар орындау үшін"
  },
  {
    "question": "SQL Server-де жаңа деректер қорын құру үшін қандай команда пайдаланылады?",
    "variant": "CREATE DATABASE"
  },
  {
    "question": "Деректер қорының файлы қай кеңейтіліммен сақталады?",
    "variant": "mdf"
  },
  {
    "question": "Транзакциялар журналының файлы қандай кеңейтіліммен сақталады?",
    "variant": "ldf"
  },
  {
    "question": "test деректер қорының негізгі файлы қайда сақталуы керек?",
    "variant": "C:\\tmp"
  },
  {
    "question": "testdate_a файлының бастапқы көлемі қанша МБ болуы тиіс?",
    "variant": "10 МБ"
  },
  {
    "question": "testdate_a файлының автоматты кеңею қадамы қанша МБ болып орнатылады?",
    "variant": "2 МБ"
  },
  {
    "question": "Деректер қорының ең жоғарғы көлемі қанша МБ болып орнатылады?",
    "variant": "20 МБ"
  },
  {
    "question": "SQL Server Management Studio-да сұранысты орындау үшін қандай перне қолданылады?",
    "variant": "F5"
  },
  {
    "question": "Транзакциялар журналының бастапқы көлемі қанша МБ болып орнатылады?",
    "variant": "3 МБ"
  },
  {
    "question": "Транзакциялар журналының кеңею қадамы қалай орнатылады?",
    "variant": "20%"
  },
  {
    "question": "SQL Server-де деректер қорының иесі кім болуы мүмкін?",
    "variant": "Жүйелік әкімші немесе деректер қорының жасаушысы"
  },
  {
    "question": "Деректер қорының рұқсаттарын өзгерту үшін қандай бөлім қолданылады?",
    "variant": "Security"
  },
  {
    "question": "test және жүйелік әкімші бір уақытта деректер қорына кіре ала ма?",
    "variant": "Иә"
  },
  {
    "question": "SQL Server-де деректер қорының көлемі толғанда не болады?",
    "variant": "Жүйе автоматты түрде кеңейеді (auto growth)"
  },
  {
    "question": "SQL Server-де деректер қорының көлемін шектеу параметрі қалай аталады?",
    "variant": "MAXSIZE"
  },
  {
    "question": "SQL Server-де автоматты кеңею қадамын орнату үшін қандай параметр қолданылады?",
    "variant": "FILEGROWTH"
  },
  {
    "question": "Транзакциялар журналының негізгі қызметі неде?",
    "variant": "Өзгерістер мен операцияларды қадағалау"
  },
  {
    "question": "Деректер қорының физикалық файлдарының түрлері қандай?",
    "variant": "Негізгі (.mdf) және журналдық (.ldf)"
  }
]