[
  {
    "question": "Адамдардың қарым-қатынасын реттейтін, мінез-құлық ережесі.",
    "variant": "Құқық"
  },
  {
    "question": "Құқықтың қағидалары дегеніміз:",
    "variant": "Құқықтың қызмет етуінің негізгі және жетекші бастамалары"
  },
  {
    "question": "Рулық қауым ыдырап пайда болған саяси құрылым",
    "variant": "Мемлекет"
  },
  {
    "question": "Саяси құқықтарға не жатады?",
    "variant": "Митингке құқық"
  },
  {
    "question": "Төмендегілердің ішінен мемлекеттік құрылыс нысанын білдіретін терминді көрсет.",
    "variant": "Федерация"
  },
  {
    "question": "Құқық дегеніміз:",
    "variant": "Мемлекет шығаратын жалпыға бірдей мінез -құлық ережесінің жүйесі"
  },
  {
    "question": "ҚР ҚІЖК сәйкес соттың санкциясынсыз адамды ұстау уақыты?",
    "variant": "72 сағаттан артық емес"
  },
  {
    "question": "Заң шығарушылық қызметпен айналысатын биліктің бір тармағы.",
    "variant": "Парламент"
  },
  {
    "question": "Әкімшілік қамаққа алу қанша тәулікке дейінгі мерзімге белгілінеді?",
    "variant": "30"
  },
  {
    "question": "Мемлекет функциясы әрекет ету мерзіміне қарай қандай түрлерге бөлінеді?",
    "variant": "Тұрақты, уақытша"
  },
  {
    "question": "Қазақстан Республикасы азаматтарының Қазақстан Республикасының Президентi, Қазақстан Республикасы Парламентiнiң, мәслихатының депутаты, жергiлiктi өзiн-өзi басқару органына мүше болып сайлану құқығы бұл:",
    "variant": "Бәсең сайлау"
  },
  {
    "question": "ҚР Соттың шығарған шешімдері кімнің атынан шығарылады?",
    "variant": "ҚР атынан"
  },
  {
    "question": "Моральдық нормалардың құқықтық нормалардан айырмашылығы:",
    "variant": "Мемлекеттік органдар бекітпейді"
  },
  {
    "question": "Қылмыстық іс жүргізу құқығының жүйесі қанша бөліктен тұрады?",
    "variant": "2 бөлік"
  },
  {
    "question": "18 жасқа толған Қазақстан Республикасының азаматтарының сайлауда дауыс беру құқығы:",
    "variant": "Белсенді сайлау"
  },
  {
    "question": "Сот процесінде мемлекеттің мүддесін кім білдіреді?",
    "variant": "Прокурор"
  },
  {
    "question": "Конституциялық соттың төрт судьясын кім тағайындайды?",
    "variant": "Президент"
  },
  {
    "question": "«ҚР мемлекеттік қызметі туралы» Заңы қашан қабылданды?",
    "variant": "2015ж. 23 қараша"
  },
  {
    "question": "Кінәсіздік презумпциясы - бұл",
    "variant": "Адамның кінәсін сот арқылы анықтағанға дейін оның кінәсіз деп саналатындығы"
  },
  {
    "question": "Азаматтық беру туралы мәселені кім қарайды?",
    "variant": "Президент"
  },
  {
    "question": "Құқықтық норманың элементтері:",
    "variant": "Диспозиция, гипотеза, санкция"
  },
  {
    "question": "Қазақстан Республикасының Президенті қанша жылға сайланады?",
    "variant": "7жылға"
  },
  {
    "question": "Конституциялық заңдар - бұл ...",
    "variant": "Мемлекеттік құрылысты анықтайтын заңдар"
  },
  {
    "question": "Қазақстан Республикасының Конституциясы қанша баптан тұрады?",
    "variant": "99"
  },
  {
    "question": "ҚР Конституциясына қанша рет өзгерістер мен толықтырулар енгізілді?",
    "variant": "7"
  },
  {
    "question": "Шетелдіктердіңқандайқұқықтарышектелуімүмкін?",
    "variant": "Сайлау құқығы"
  },
  {
    "question": "Әкімшілік жауап беру қабілеттілігі қай жастан бастап туындайды?",
    "variant": "16жастан бастап"
  },
  {
    "question": "Мемлекет отбасының өсіп-өркендеуінен пайда болады деп есептейтін теория",
    "variant": "Патриархалдық теория"
  },
  {
    "question": "Азаматтардың еңбек ету құқығын қандай бостандықтар тобына жатқызамыз?",
    "variant": "Әлеуметтік"
  },
  {
    "question": "Сыбайлас жемқорлыққа қарсы іс-қимылды өз құзыреті шегінде... жүргізуге міндетті?",
    "variant": "барлық мемлекеттік органдар"
  },
  {
    "question": "Мәжілісте қанша депутат бар?",
    "variant": "98"
  },
  {
    "question": "Азаматтардың мемлекеттік органдар мен ұйымдардың заңсыз әрекеттеріне берілетін арызын қай орган қабылдайды?",
    "variant": "Сот"
  },
  {
    "question": "ҚР Неке және отбасы туралы кодекс бойынша суррогат ананың жас мөлшері:",
    "variant": "20-35 жас"
  },
  {
    "question": "Судьякімге бағынады?",
    "variant": "Заңға"
  },
  {
    "question": "ҚР Конституциясымен және т.б. заңдармен соттар өкілеттілігі қандай мерзімге дейін шектелген?",
    "variant": "Мерзім шектелмеген"
  },
  {
    "question": "Облыс прокурорын және оған теңестірілетін прокурорларды кім тағайындайды?",
    "variant": "Бас Прокурор"
  },
  {
    "question": "Ол адамдарға керекті қаржы өнімдерін, қызметтерін дұрыс таңдауға, оларды дұрыс бағалауға, пайдалану кезінде туындауы мүмкін тәекелдерді қабылдауға мүмкіндік береді",
    "variant": "қаржылық сауаттылық"
  },
  {
    "question": "Бұл адам үміттеріне сәйкес болашақта сақталынатын табыс",
    "variant": "тұрақты табыс"
  },
  {
    "question": "Отбасы  мүшелерінің  тапқан барлық қаражаттары бірге қосылады және алынған қаражаттарды  бөлу мен пайдалану мәселелері бірлесіп шешіледі",
    "variant": "бірлескен бюджет"
  },
  {
    "question": "Қаражаттарды пайдалану кезінде  алдымен ортақ қажеттіліктерге арналған сома есептелініп шығарылады, ал қалған сома отбасы мүшелерінің арасында тепе – тең, не ортақ бюджетке әрбір мүшесінің  үлесіне сәйкес бөлінеді мәселелері бірлесіп шешіледі",
    "variant": "бірлескен – бөлектенген бюджет"
  },
  {
    "question": "Әрбір мүшесінің жоғары табысы бар және өзін өзі қамтамасыз ететін отбасылары үшін қабылданған бюджет",
    "variant": "бөлектелген бюджет"
  },
  {
    "question": "Отбасы қарамағындағы жиынтық ақша қалай аталынады",
    "variant": "қаржылық ресурстары"
  },
  {
    "question": "Адам үміттеріне сәйкес  болашақта сақталатын  табысы",
    "variant": "тұрақты табыс"
  },
  {
    "question": "Өндіріс үрдісінде жасалатын және шаруашылық мүшелерінің материалдық және рухани қажеттіліктерін қанағаттандыруға арналған ұлттық табыстың бір бөлігі",
    "variant": "жанұя табыстары"
  },
  {
    "question": "Бұл ақшалай табыстар, тағамдық азық – түліктердің натуралдық түсімдерінің және мемлекет пен кәсіпорындар көрсеткен натуралдық тұлғанымдағы жеңілдіктердің, жәрдемақылардығ, сыйлықтардың құны",
    "variant": "жанұяның жалпы табысы"
  },
  {
    "question": "Міндетті  төлемдер  мен жарнамаларды шегергеннен кейінгі ақшалай табыстар",
    "variant": "қолдағы ақшалай табыстар"
  },
  {
    "question": "Тұтыну  бағаларын ескере отырыа міндетті төлемдер мен жарналарды шегергеннен кейінгші ақшалай табыстар",
    "variant": "нақтылы қолдағы ақшалай табыстар"
  },
  {
    "question": "Тұтыну тауарлары мен қызметтерді сатып алуға бағытталған халықтың ақшалай шығысиарының бір бөлігі",
    "variant": "тұтыну шығыстары"
  },
  {
    "question": "Қаржы ресурстарын қайта бөлуді, кәсіпорындар мен халықты қаржыландыруды, ақша айналымын реттеуді және экономиканың түрлі секторларын қолдауды жүзеге асыратын орган",
    "variant": "банк жүйесі"
  },
  {
    "question": "Елдің ақша – несие саясатын жүзеге асыратиын, инфляцияны бақылауға, ұлттық валютаны қорғауға, банктердің қызметін реттеуге және жалпы қаржы жүйесінің қауіпсіздігін қамтамасыз етуге жауапты орган",
    "variant": "Ұлттық Банк"
  },
  {
    "question": "Олар жеке тұлғалар мен заңды тұлғаларға қызмет көрсетеді, несиелер береді, депозиттер қабылдайды, валюта айырбастаумен айналысады",
    "variant": "коммерциялық банктер"
  },
  {
    "question": "Бұл ақша бірлігінің тұрақтылығымен, несие ресурстарының қол жетімділігімен және халықтың нақты табысының экономикалық өсуі мен өсуін қамтамасыз ететін инфляция деңгейімен сипатталатын ақша жүйесінің жағдайы",
    "variant": "айналым қауіпсіздігі"
  },
  {
    "question": "Отбасылық бюджетті жақсарту және қаржылық тұрақтылыққа қол жеткізу үшін жасалуы керек ең маңызды нәрселердің бірі",
    "variant": "отбасылық қорды құру"
  },
  {
    "question": "Құны бар өтімді актив, ол кейіннен тауарларға, қызметтерге немесе басқа активтерге айырбастау үшін ұзақ уақыт жақсы сақталады",
    "variant": "жинақ құралы"
  },
  {
    "question": "Бұл адамның қаржылық ресурстарын тиімді пайдалану, оларды ьасқару және қаржылық мақсаттарға қол жеткізу қабілеті",
    "variant": "қаржылық әлеует"
  },
  {
    "question": "Артық шығындардан бас тарту, ақшаны мақсатты түрде жинақтау",
    "variant": "үнемдеу әдеттері"
  },
  {
    "question": "Қарызды төлеудің жоспарлары, неғұрлым қымбат қарыздарды бірінші кезекте төлеу",
    "variant": "қарызды басқару стратегиясы"
  },
  {
    "question": "Жеке  тұлғаның қаржылық сауаттылығы мен ақшаны тиімді басқару, инвестициялау және қаржылық жоспарлау қабілетімен байланысты әлеует",
    "variant": "қаржылық білім әлеуеті"
  },
  {
    "question": "Адамдардың қаржылық қиындықтардан қорғау қабілеті",
    "variant": "қаржылық қауіпсіздік әлеуеті"
  },
  {
    "question": "Қаржылық активтерді әртүрлі салаларға немесе активтерге бөлу жолы",
    "variant": "диверсификация"
  },
  {
    "question": "Отбасының белгілі бір уақыт кезеңіне арналған кіріс және шығыс жоспары... <variant> отбасылық бюджет <variant> бизнес-жоспар <variant> қаржылық мақсат <variant> өтелу мерзімі <variant> дисконтталған құн  <question1>Тауарлы өндіріспен бірге, қоғамның тапқа бөлінуінің және мемлекеттің пайда болуымен, оған әсер, сот, қызметкерлер ұстауға  қажет болуынан пайда болды",
    "variant": "салық"
  },
  {
    "question": "Өздерінің функциялары мен міндеттерін жүзеге асыру үшін мемлекет жұмылдыратын ұлттық табыстың бір бөлігі табылатындығында",
    "variant": "салықтардың экономикалық мәні"
  },
  {
    "question": "Қандай да бір қызметті жүзеге асыруға немесе қандайда бір игілікті қолдануға  құқық беретін, арнайы құқықтық қатысуды иелену үшін жеке және заңды тұлғалардан алынатын бір жолғы жарна",
    "variant": "алым"
  },
  {
    "question": "Қайтарылатын және эвиваленті төлем, ол мемлекет азаматтық құқық субьектісі болған жағдайда, азаматтық – құқықтық қатынастарға жанама түрде жүреді",
    "variant": "төлемақы"
  },
  {
    "question": "Құқықтық маңызы бар қызметтерді жзеге асырғаны үшін және соған мемлекеттік органдар немесе құзырлы тұрған өкілеттілік берген құжаттарды беру кезінде алынатын міндетті төлемақы",
    "variant": "мемлекеттік баж"
  },
  {
    "question": "Оның көмегімен  бюджеттік қор қалыптасады, мұның өзі салықтардың қоғамдық міндеттерін арттыра түсетін функция",
    "variant": "фискалдық"
  },
  {
    "question": "Бұл орайда салықтардың нысандарын таңдау, олардың ставкаларының, алу әдістерінің өзгеруі, жеңілдіктер мен шегерімдер пайдаланлады",
    "variant": "реттеушілік"
  },
  {
    "question": "Түрлі субьектілер табысының бір бөлігі мемлекеттің қарамағына өтетін қызмет",
    "variant": "қайта бөлу"
  },
  {
    "question": "«Экономия» термині алғаш рет ұсынылды:",
    "variant": "Ксенофонт"
  },
  {
    "question": "Өндіріс дегеніміз:",
    "variant": "экономикалық тауарлар мен қызметтерді құру процесі"
  },
  {
    "question": "Экономикалық ресурстар, яғни өнім өндіру және қызмет көрсету үшін пайдаланылатын ресурстар:",
    "variant": "өндіріс факторлары"
  },
  {
    "question": "Берілген ресурстармен екі тауарды өндірудің максималды мүмкін болатын көлемдерін және оларды толық пайдалануды көрсететін график:",
    "variant": "өндірістік мүмкіндіктер қисығы"
  },
  {
    "question": "Бөлістіру бұл:",
    "variant": "өндіріс процесіне қатысушылардың үлесін анықтау"
  },
  {
    "question": "Тауарларды өндіру, айырбастау, бөлу және тұтыну саласындағы мемлекет қызметінің мақсатты жүйесі .............. болып табылады",
    "variant": "экономикалық саясат"
  },
  {
    "question": "Ұдайы өндіріс дегеніміз:",
    "variant": "өндіру, бөлу, айырбастау, тұтыну"
  },
  {
    "question": "Позитивті экономикалық теория зерттейді:",
    "variant": "нақты экономикадағы жағдайды"
  },
  {
    "question": "«Экономикалық ресурстар» ұғымына мыналар жатпайды:",
    "variant": "тамақ өнімдері"
  },
  {
    "question": "Еркін кәсіпкерлік принциптеріне негізделген экономикалық жүйе?",
    "variant": "нарықтық жүйе"
  },
  {
    "question": "Пайдалы нәтиже алу үшін шаруашылық қызмет процесінде адамдардың жасаған кез келген ақыл-ой және дене күштері:",
    "variant": "еңбек"
  },
  {
    "question": "Өнімдер мен қызметтерді өндіруде қолданылатын барлық табиғи ресурстар:",
    "variant": "жер"
  },
  {
    "question": "Айырбастау сферасындағы алтынның орнын толтыратын мемлекеттік эмиссиялық міндетті банкноттар",
    "variant": "қағаз ақша"
  },
  {
    "question": "Бәсекелестік дегеніміз:",
    "variant": "тұтынушы үшін нарықтағы экономикалық агенттердің бәсекесі"
  },
  {
    "question": "Нарық субъектілері:",
    "variant": "үй шаруашылықтары, фирмалар, үкімет"
  },
  {
    "question": "Микроэкономиканы зерттейтін экономикалық ғылым саласы ретінде анықтауға болады:",
    "variant": "тұтынушылардың, фирмалардың және ресурстар иелерінің экономикалық мінез-құлқы"
  },
  {
    "question": "Адам мен қоғамның өмір сүруі және дамуы үшін қажетті тауарларды (өнімдерді және қызметтерді) жасау процесі.....",
    "variant": "Өндіріс"
  },
  {
    "question": "Сұранысқа әсер ететін факторлар .......",
    "variant": "Тұтынушылардың талғамдары мен табыстары"
  },
  {
    "question": "Кеңейтілген ұдайы өндіріс:",
    "variant": "экономикалық өсумен сипатталатын ұдайы өндіріс"
  },
  {
    "question": "Баға өскен сайын тауарлар мен қызметтердің ұсынысы көбейеді – мәні мынада:",
    "variant": "ұсыныс заңы"
  },
  {
    "question": "Нарықтық баға тепе-теңдіктен төмен:",
    "variant": "ұсыныс сұраныстан аз"
  },
  {
    "question": "Орталықтандырылған, жоспарлы, тоталитарлық жүйе?",
    "variant": "командалық жүйе"
  },
  {
    "question": "Үздіксіз, үнемі жаңарып отыратын өндірістік процесс?",
    "variant": "ұдайы өндіріс"
  },
  {
    "question": "Қай термин адамдардың бір нәрсе үшін төлеуге қабілеті мен дайындығын көрсетеді?",
    "variant": "сұраныс"
  },
  {
    "question": "Макроэкономика зерттейді:",
    "variant": "тұтас алғанда халық шаруашылығында болып жатқан процестер"
  },
  {
    "question": "Шектеусіз қажеттіліктерді қанағаттандыратын шектеулі ресурстар",
    "variant": "сирек кездесетіндер"
  },
  {
    "question": "Позитивті экономикалық теория:",
    "variant": "экономиканың нақты жағдайын зерттейді"
  },
  {
    "question": "«Капитал» өнімінің бағасы:",
    "variant": "несие бойынша пайыз"
  },
  {
    "question": "Рента дегеніміз:",
    "variant": "жылжымайтын мүлік иесі алатын табыс"
  },
  {
    "question": "КПВ үлгісі мынаны көрсетеді:",
    "variant": "ресурстардың шектеулілігін"
  },
  {
    "question": "Әртүрлі жүйелердің ерекшеліктерін біріктіретін экономика?",
    "variant": "аралас жүйе"
  },
  {
    "question": "Барлық басқа факторларды біріктіретін және олардың өндірісті ұйымдастырудағы кәсіпкердің білімі, бастамасы, тапқырлығы және тәуекелдігі арқылы өзара әрекеттесуін қамтамасыз ететін нақты өндіріс факторы?",
    "variant": "кәсіпкерлік қызмет"
  },
  {
    "question": "Айналыстағы ақша мөлшері тауар массасының бағаларының қосындысына тура пропорционал және ақша айналысының жылдамдығына кері пропорционал?",
    "variant": "ақша айналысының заңы"
  },
  {
    "question": "Ақшамен көрсетілген тауар құны?",
    "variant": "баға"
  },
  {
    "question": "Қылмыстың объектісі:",
    "variant": "Қылмыстықзаңменқорғалатынқоғамдыққатынастар"
  },
  {
    "question": "ҚР Азаматтары қай жастан бастап сайлауға қатыса алады",
    "variant": "18 ж."
  },
  {
    "question": "Азаматқандайжағдайдасайлауғақатысаалмайды?",
    "variant": "Әрекет қабілеті жоқ болса"
  },
  {
    "question": "Сыбайлас жемқорлыққа қарсы іс-қимылға жәрдем көрсететін адам туралы ақпарат...",
    "variant": "Мемлекеттік құпия болып табылады"
  },
  {
    "question": "Азаматтардың құқық қабілеттілігі қай кезден басталып, қай кезде тоқтатылады?",
    "variant": "Туылған кезден басталып, қайтыс болғанда тоқтайды"
  },
  {
    "question": "Сенаттың өкілеттік мерзімі қанша жыл?",
    "variant": "6"
  },
  {
    "question": "Жазалау қатерімен тыйым салынған, айыпты, қоғамға қауіпті әрекет немесе әрекетсіздік қалай аталады?",
    "variant": "Қылмыс"
  },
  {
    "question": "Өз тәуелсіздігін толық сақтаған, белгілі бір мақсатқа жету үшін біріккен мемлекеттердің одағы",
    "variant": "Конфедерация"
  },
  {
    "question": "Әкімшілік құқық бұзушылықтың ескіру мерзімі",
    "variant": "1 ай"
  },
  {
    "question": "Қазақстан Республикасында салықтың қанша түрі бар?  <variant> 12 <variant> 10 <variant> 9 <variant> 11 <variant> 17  <question2> Әскери қылмыстар үшін қылмыстық жауаптылық қанша жастан басталады",
    "variant": "18ж."
  },
  {
    "question": "Жоғарғы сот органдары болып табылмайды:",
    "variant": "Ұлттық қауіпсіздік органдары"
  },
  {
    "question": "Қоғамға зор қауіп төндірмейтін, жеке адамға, ұйымға, қоғамға немесе мемлекетке болмашы зиян келтірген не зиян келтіру қатерін туғызған, айыпты жасалған іс-әрекет – бұл",
    "variant": "Қылмыстық теріс қылық"
  },
  {
    "question": "ҚР меншіктің қанша түрі бар",
    "variant": "2 түрі бар"
  },
  {
    "question": "ҚР ақшасы (төл теңгесі) қашан шықты?",
    "variant": "1993ж. 15 қараша"
  },
  {
    "question": "Маслихат депутаты бола алады?",
    "variant": "20 жасқа толған ҚР азаматы"
  },
  {
    "question": "Жалған неке дегеніміз не?",
    "variant": "Отбасын құру ниетінсіз жасалған неке"
  },
  {
    "question": "ҚР Ұлттық Банкі қашан құрылды",
    "variant": "1992 жылы"
  },
  {
    "question": "Еңбек заңына сәйкес аптасына қалыпты жұмыс уақытының ұзақтығы қанша сағат болуы керек.",
    "variant": "40 сағаттан аспауы керек"
  },
  {
    "question": "ҚР Үкіметін кім құрады?",
    "variant": "ҚР Президенті"
  },
  {
    "question": "Неке жасы қанша жылға дейін төмендетілуі мүмкін",
    "variant": "2 жылға"
  },
  {
    "question": "Жергілікті өзін-өзі басқару жүзеге асырылады:",
    "variant": "Маслихат арқылы"
  },
  {
    "question": "Тұрғындардың етене тұрмыстық сұраныстары болып келетін, көп рет қайталануы себепті қалыптасып кеткен мінез-құлық ережелері",
    "variant": "Әдет-ғұрып"
  },
  {
    "question": "Азаматтық құқық мүліктік қатынастармен қатар қандай қатынастарды реттейді:",
    "variant": "Жеке мүліктік емес қатынастарды"
  },
  {
    "question": "Мәслихаттың негізгі қызметінің түрі қандай формада жүреді:",
    "variant": "Сессия"
  },
  {
    "question": "ҚР Президенті қандай құқықтық акт шығарады?",
    "variant": "Жарлық"
  },
  {
    "question": "ҚР Әкімшілік құқық бұзушылық туралы кодексі қай жылы қабылданды?",
    "variant": "2014 ж."
  },
  {
    "question": "Азаматтың құқық қабілеттілігі қашан басталады:",
    "variant": "Туылған кезден бастап"
  },
  {
    "question": "Әркімнің өмір сүруге деген құқығы ҚР Конституциясының қай бабында жазылған?",
    "variant": "15 бап"
  },
  {
    "question": "Әкімшілік жауаптылықтан босатудың негіздері:",
    "variant": "Мәжбүрлі тәуекел"
  },
  {
    "question": "Қылмыс құрамы қанша элементтен тұрады",
    "variant": "4"
  },
  {
    "question": "Мемлекеттің нысаны қаншаға бөлінеді?",
    "variant": "3"
  },
  {
    "question": "Барлық заңдық нормалар құрайтын өзара тәуелді, бір-бірімен байланысты бірыңғай жүйе",
    "variant": "Құқықжүйесі"
  },
  {
    "question": "Резиденттік болып табылатындар",
    "variant": "Шетелде жүрген ҚР тұрғылықты тұрғыны"
  },
  {
    "question": "ҚР Бас Прокурорын кім қызметке тағайындайды? Қанша жылға?",
    "variant": "Сенат келісімімен ҚР Президенті 5 жылға"
  },
  {
    "question": "Өз әрекеттерімен азаматтық құқықтары мен міндеттерін жүзеге асыру қабілеттілігі, ол:",
    "variant": "Әрекет қабілеттілік"
  },
  {
    "question": "Салықтық мөлшері мен оны төлеу мерзімі алдын ала және дәл анықталуы керек қағидат",
    "variant": "анықтылық"
  },
  {
    "question": "Әрбір салық төлеуші үшін  неғұрдым қолайлы  уақытта және әдіспен алыныуы тиіс қағидат",
    "variant": "қолайлылық"
  },
  {
    "question": "Салықтан жиналған  түсімнен оны жинауға кеткен шығын аз болуы тиіс қағидат",
    "variant": "үнемділік"
  },
  {
    "question": "Салық механизмі салық төлеушіге түсінікті болуы тиіс, ол айқын  әрі жеңіл болуы тиіс қағидат",
    "variant": "қарапаймдылық"
  },
  {
    "question": "Бұл мемлекеттің заң актілерімен анықталатын салықтың қрылу принциптері мен салық салуды ұйымдастыру",
    "variant": "салық элементтері"
  },
  {
    "question": "Заң бойынша салық төдеу міндеттілігі жүктелген тұлға, алайда нарық механизмі арқылы салық ауыртпалығы басқа тұлғаға – салық салынушыға аударылуы мүмкін",
    "variant": "салық төлеуші"
  },
  {
    "question": "Нақты салық ауыртпалығы (салық жүктемесі) түсетін фактілер жиынтығы (дерек, іс – қимыл, жағдай, оқиға). Мүлік пен іс – әрекеттер салық обьектілері  және салық салуға байланысты обьектілер болып табылады, олардың болуына байланысты салық төлеушінің салықтық міндеттемесі туындайды",
    "variant": "салық обьектісі"
  },
  {
    "question": "Салық салу обьектісі мен салық салуға байланысты обьектінің құндық, заттай немесе өзге де сипатамалары, олардың негізінде бюджетке төленуге тиіс салықтар және бас да міндетті төлемдердің сомасы анықталынады",
    "variant": "салық базасы"
  },
  {
    "question": "Салық базасын сандық тұрғыдан көрсетуге пайдаланылатын салық салу ауқымын көрсетеді",
    "variant": "салық бірлігі"
  },
  {
    "question": "Салық базасының өлшем  абсолютті сомада немесе процентпен белгіленетін салықтық есептеу мөлшері",
    "variant": "салық стакасы"
  },
  {
    "question": "Табыс көзіне қарамастан  салық салу бірлігіне  абсолюттік  сомада белгіленеді",
    "variant": "тұрақты ставка"
  },
  {
    "question": "Салық базасына қарай алынатын табыстың мөлшеріне  байланысты салық өлшем бірлігіне жатады",
    "variant": "проценттік ставкалар"
  },
  {
    "question": "Салық обьектісіне (оның мөлшерін саралауды есепке алай) бірдей пайыздық қатынаста іс – ірекет етеді",
    "variant": "үйлесімді салық ставкалары"
  },
  {
    "question": "Салық салынатын табыстың артуына сәйкес өсіп отратын салық ставкалары",
    "variant": "прогрессивті ставкалар"
  },
  {
    "question": "Табыстың өсуіне қарай  төмендейді және табысы көп тұлғаға  тиімді болып келеді, ал табысы аз адамдардың иығына ауыртпалық түседі",
    "variant": "регрессивті ставкалар"
  },
  {
    "question": "Заңға сәйкес төлеушілерді салықтан толық немесе ішнара босату",
    "variant": "салық жеңілдіктері"
  },
  {
    "question": "Салық салынудан толық босатылатын салық обьектісінің ең аз бөлігі",
    "variant": "салық салынбайтын минимум"
  },
  {
    "question": "Салық  бойынша заңмен белгіленген жеңілдіктердің іс – әрекет ететін уақыты",
    "variant": "жеңілдік кезеңі"
  },
  {
    "question": "Заңмен белгіленген әдістер мен салықты бюджетке аудару шаралары",
    "variant": "салық төлеу мерзімі мен тәртібі"
  },
  {
    "question": "Салық қызметі органдарының салық заңының орындалуын, жинақтаушы зейнетақы қорларына міндетті зейнетақы жарналарының толық және уақытылы аударылуын бақылауы",
    "variant": "салықтық бақылау"
  },
  {
    "question": "Салық қызметінің жүргізілуінің қадағалану процесі",
    "variant": "салықтық бақылау қызметі"
  },
  {
    "question": "Экономикалық ерекшелiгiне байланысты салықтар-",
    "variant": "табысқа, тұтынуға"
  },
  {
    "question": "Салықтық жазалау шаралары",
    "variant": "салық төлеушiлерге қолданылатын шаралар"
  },
  {
    "question": "Тұрақты мекеме дегенiмiз не",
    "variant": "салық төлеушiнiң тұрақты қызмет орны"
  },
  {
    "question": "Жеке тұлғалардың табыс салығының ставкасы неге байланысты",
    "variant": "процент ставкасына"
  },
  {
    "question": "Арнаулы салық режимі негізінде әрекет ететін жеке тұлғаларға қатысты қандай салық салу әдісі қолданылуы мүмкін",
    "variant": "патент және оңайлатылған декларация"
  },
  {
    "question": "Салық төлеуші салық төлеуден қашқан жағдайда салық органдары қандай тәсілге жүгінеді",
    "variant": "салықты мәжбүрлеп өндіру"
  },
  {
    "question": "Жанама салықтарға қандай салықтар жатады",
    "variant": "қосылған құн салығы, акциздер"
  },
  {
    "question": "Бюджетке түскен сөң ешқандай дербессiз жалпы мақсатқа жұмсалатын салық",
    "variant": "жалпы"
  },
  {
    "question": "Бюджетке түскен соң арнайы мақсаттарға жұмсалатын салықтар",
    "variant": "арнайы"
  },
  {
    "question": "Салық салу органына байланысты салықтар қандай түрлерге бөлiнедi",
    "variant": "жергiлiктi, мемлекеттiк"
  },
  {
    "question": "Салық салу обьектiсiн бағалау дәрежесiне байланысты салықтар қалай жiктеледi",
    "variant": "нақты, дербес"
  },
  {
    "question": "Нақтылы салықтар дегенiмiз не",
    "variant": "салық төлеушiнiң табысына емес төленетiн салықтар"
  },
  {
    "question": "Еңбек өнімі болып табылатын және айырбас үшін өндірілген экономикалық игілік?",
    "variant": "тауар"
  },
  {
    "question": "Осы тауардың қосымша көлемін алу үшін өндірісі тоқтатылуы тиіс басқа тауардың мөлшері?",
    "variant": "альтернативті шығындар"
  },
  {
    "question": "Экономика, экономикалық дамудың мақсаттары және экономикалық саясат қандай болуы керек деген құндылық пайымдауларға негізделген экономикалық ғылымдағы бағыт",
    "variant": "нормативтік экономика"
  },
  {
    "question": "Микроэкономика зерттеулері:",
    "variant": "тұтынушылардың, фирмалардың жеке топтарының мінез-құлқы"
  },
  {
    "question": "Меншік құқығының экономикалық теориясы бойынша меншік дегеніміз:",
    "variant": "ресурстарды пайдалану құқығының жиынтығы"
  },
  {
    "question": "Ұсынысқа қандай факторлар әсер етеді?",
    "variant": "ҒТП, салықтар, ресурстар бағасы"
  },
  {
    "question": "Нарықтық экономиканың сипаттамасы?",
    "variant": "шектеулі ресурстар және жеке меншік"
  },
  {
    "question": "Нарық инфрақұрылымының элементтеріне:",
    "variant": "тауар және қор биржалары"
  },
  {
    "question": "Экономикалық жүйе шешетін негізгі сұрақтар?",
    "variant": "нені өндіреді, қалай өндіреді, кім үшін өндіреді"
  },
  {
    "question": "Кез келген инновацияға тыйым салынған жүйе:",
    "variant": "дәстүрлі жүйе"
  },
  {
    "question": "Тауарлар мен қызметтерді өндіруде қолданылатын еңбек құралдарының жиынтығы",
    "variant": "капитал"
  },
  {
    "question": "Экономикалық қызметті бағыттау және үйлестіру үшін ресурстар жеке меншігінде және нарықтар мен бағалар қолданылатын экономикалық жүйе",
    "variant": "нарықтық жүйе"
  },
  {
    "question": "Экономикалық мәселелерді ішінара нарық, ішінара үкімет шешсе, онда экономика..",
    "variant": "аралас"
  },
  {
    "question": "Кез келген бір өнімді өндіруде өндірушілердің мамандануы",
    "variant": "қоғамдық еңбек бөлінісі"
  },
  {
    "question": "Тауардың белгілі бір пропорцияда басқа тауарларға айырбастау мүмкіндігі?",
    "variant": "айырбас құны"
  },
  {
    "question": "Сатып алу қабілеті, яғни. ақша бірлігіне сатып алуға болатын тауарлардың саны:",
    "variant": "ақшаның құны"
  },
  {
    "question": "Тұтыну нәтижесінде рахат немесе қанағат әкелетін тауардың қасиеті?",
    "variant": "пайдалану құны"
  },
  {
    "question": "Құнды сақтау мүмкіндігі:",
    "variant": "Жинақтау құралы"
  },
  {
    "question": "Ақшаның кез келген уақытта төлем құралы ретінде әрекет ету мүмкіндігі?",
    "variant": "төлем құралы"
  },
  {
    "question": "Экономикалық тауарларды сатып алушылар мен сатушылардың өзара әрекеттесу механизмі",
    "variant": "нарық"
  },
  {
    "question": "Нарықтың жай-күйі туралы ақпаратты жинау және өңдеу, сатып алушыны (сатушыны) іздеу және онымен келіссөздер жүргізу және шарт жасасу, сондай-ақ оның сақталуын бақылау жөніндегі шығыстар",
    "variant": "транзакциялық шығындар"
  },
  {
    "question": "Бір сатушының билігі",
    "variant": "монополия"
  },
  {
    "question": "Бір сатып алушының билігі",
    "variant": "монопсония"
  },
  {
    "question": "Бірнеше ірі фирмалардың билігі",
    "variant": "олигополия"
  },
  {
    "question": "Бірнеше ірі сатып алушылардың билігі",
    "variant": "олигопсония"
  },
  {
    "question": "Әртүрлі күшті және әсерлі сатушылар арасындағы бәсекелестіктер",
    "variant": "монополистік бәсеке"
  },
  {
    "question": "Кәсіпкерлік:",
    "variant": "еңбек, жер және капиталды тиімді байланыстыруға мүмкіндік беретін қызмет түрі"
  },
  {
    "question": "Кәсіпкердің өндірісті ұйымдастырудағы білімі, бастамасы, тапқырлығы және тәуекелдігі арқылы барлық басқа факторларды біріктіретін және олардың өзара әрекетін қамтамасыз ететін нақты өндіріс факторы",
    "variant": "кәсіпкерлік қызмет"
  },
  {
    "question": "«Кәсіпкерлік» ұғымын анықтайтын негізгі сөздер:",
    "variant": "инновация, бастама, тәуекел, пайда"
  },
  {
    "question": "Тауарларды сатып алу-сату бойынша сауда және айырбастау операциялары кәсіпкерліктің қай түріне жатады?",
    "variant": "коммерциялық"
  },
  {
    "question": "Жауапты толықтырыңыз: Негізгі мақсаты ретінде пайданы көздемейтін ұйымдар  деп аталады",
    "variant": "коммерциялық емес"
  },
  {
    "question": "Акционерлік қоғам акционерлерінің саны неден аспауы керек?",
    "variant": "Шексіз"
  },
  {
    "question": "Республика аумағындағы бағалы қағаз және шетел бағалы қағаздарына бақылауды кімдер жүзеге асырады",
    "variant": "Қаржы министрлігі"
  },
  {
    "question": "Қандай орган валюталық реттеудің негізгі органы және шетел валютасының курсын белгілейді",
    "variant": "ҰлттықБанк"
  },
  {
    "question": "ҚР қос азаматтық рұқсат етіледі ме?",
    "variant": "Рұқсат етілмейді"
  },
  {
    "question": "Қазақстан Республикасы өзін қандай мемлекет ретінде орнықтырады",
    "variant": "Әлеуметтік"
  },
  {
    "question": "Жүргізүші жол ережесін бұзды, яғни бағдаршамның қызыл шамына өтіп кетті. Қандайқұқықбұзушылықжасалды?",
    "variant": "Әкімшілік"
  },
  {
    "question": "«Сыбайлас жемқорлыққа қарсы іс қимыл туралы» Заңы қашан қабылданды?",
    "variant": "2015 жылы 18 қараша"
  },
  {
    "question": "Тәртіптік жазаның мерзімі қандай?",
    "variant": "6 ай"
  },
  {
    "question": "Азаматтардың құқықтары мен заңды міндеттерін белгілеуге, өзгертуге және тоқтатуға бағытталған әрекеттері",
    "variant": "Мәміле"
  },
  {
    "question": "Некені бұзу қандай тәртіппен жүзеге асырылады.",
    "variant": "АХАТ және сот тәртібімен"
  },
  {
    "question": "Бір-бірінен құқықтық реттеудің заты және әдісімен ерекшеленетін бірыңғай құқықтық қатынастарды реттейтін құқық нормаларының жиынтығы",
    "variant": "Құқық саласы"
  },
  {
    "question": "Мемлекетпен рұқсат етілген, бекітілген жеке тұлғаның мүддесін жүзеге асыру барысындағы жалпыға бірдей міндетті мінез-құлықтардың ережелері қалай аталады?",
    "variant": "Құқық нормасы"
  },
  {
    "question": "« Сыбайлас жемқорлыққа қарсы іс қимыл туралы» Заңы қашан қабылданды?",
    "variant": "2015 жылы 18 қараша"
  },
  {
    "question": "Еңбек кодексі бойынша қалыпты жұмыс уақыты аптасына қанша сағаттан аспауы керек?",
    "variant": "40 сағаттан"
  },
  {
    "question": "Мемлекеттің сыртқы қызметтері:",
    "variant": "Отанды қорғау"
  },
  {
    "question": "Қылмыс жасау сатыларын атаңыз",
    "variant": "Дайындалу, оқталу, аяқталу"
  },
  {
    "question": "Арнаулы құқықтық мәртебенің түрлері:",
    "variant": "Студенттер"
  },
  {
    "question": "Табиғиапаттар, апат болған жағдайда мемлекеттік билік органдары шешімімен қоғам мүддесіне мүлікті тартыпалу қалай аталады?",
    "variant": "Реквизиция"
  },
  {
    "question": "Салықтар салық салу объектісіне қарай қандай топтарға бөлiнедi?",
    "variant": "Тiкелей және жанама"
  },
  {
    "question": "Ұлттық валютаның құнын шетел валютасына қатысты төмендету қалай аталады?",
    "variant": "Девальвация"
  },
  {
    "question": "Республикалық тұрпаттың белгілері:",
    "variant": "Мемлекет басшысының сайлануы"
  },
  {
    "question": "Іс әрекетті таңдау мүмкіндігін бекітетін құқықтық нормалар:",
    "variant": "Диспозитивті"
  },
  {
    "question": "Қазақстанда қанша деңгейлі банкілік жүйе қалыптасты?",
    "variant": "Екі деңгейлі банкілік жүйе"
  },
  {
    "question": "14 пен 16 жас аралығындағы қызметкерлердің еңбек уақытының ұзактығы неше уакыт болу керек?",
    "variant": "Аптасына 24 сағат"
  },
  {
    "question": "Прокурор соттың шешімімен, үкімімен және өзге де қаулысымен келіспеген жағдайда қандай актіні енгізуге құқылы:",
    "variant": "Наразылық"
  },
  {
    "question": "Мемлекеттiк бюджеттiң кiрiсiн топтастырып, әлеуметтiк,  әскери қорганыс шараларын реттеу салық салудың қандай қызметiн атқарады",
    "variant": "Фискалдық"
  },
  {
    "question": "Салық салу объектiсiне қарай салықтар қандай түрге бөлiнедi?",
    "variant": "Тiкелей және жанама салықтар"
  },
  {
    "question": "Жалғансыз немесе тiкелей табысқа немесе мүлiкке салынатын салық қалай аталады?",
    "variant": "Тікелей"
  },
  {
    "question": "Коммерциялық ұйым болып табылатын заңды тұлға тек мына түрде құрыла алады:",
    "variant": "Мемлекеттік кәсіпорын, акционерлік қоғам, шаруашылық серіктестік және өндірістік кооператив"
  },
  {
    "question": "Қоғамдық жұмыстар қылмыстық теріс қылықтар үшін қанша мерзімге белгіленеді:",
    "variant": "20 сағаттан – 200 сағатқа дейін"
  },
  {
    "question": "Мемлекеттік мәжбүрлеуді жүзеге асыру мүмкіндігі шаралары тән әлеуметтік норма:",
    "variant": "Заңи талаптар"
  },
  {
    "question": "Құқық аналогиясы",
    "variant": "Істі шешу кезінде жалпы қағидаларға, құқықтың мағынасына қарап шешу"
  },
  {
    "question": "Істі заңдардың жалпы бағытына және мағынасына сүйене отырып шешу",
    "variant": "Заң ұқсастығы"
  },
  {
    "question": "Мемлекет атынан жасалатын, тараптардың құқықтары мен міндеттерінің бары-жоғын анықтайтын, шараларды белгілейтін орган актісі",
    "variant": "Нормативті акті"
  },
  {
    "question": "Дербес салықтар дегенiмiз не",
    "variant": "табысына төленетiн салық"
  },
  {
    "question": "Салық төлеушiлер өз тарапынан қандай мiндеттердi атқаруы тиiс",
    "variant": "уақытылы салық комитетiне тiркелiп, нөмерiн алуға"
  },
  {
    "question": "Бұл нарықтық  жүйе, оның аясында сатып алушылар мен сатушылар арасында бағалы қағаздардың айналымы жүріп отырады",
    "variant": "қор нарығы"
  },
  {
    "question": "Бағалы қағаздармен барлық сауда операциялары жасалатын орын",
    "variant": "қор биржасы"
  },
  {
    "question": "Дивидедтерді алу және акциялардың жиналысына қатысу құқығымен ерекшеленетін компанияның меншігіндегі үлесі болып табылатын  активтердің ең көп таралған түрі",
    "variant": "жай акция"
  },
  {
    "question": "Олар дивидендтен тіркелген табысты бірінші болып алуға мүмкіндік береді, бірақ акционерлердің жиналысына қатысу құқығын шектейді",
    "variant": "артықшылықты акция"
  },
  {
    "question": "Бұл белгілі бір мерзім өткеннен кейін пайыздармен қоса оның номиналды құнын қайтарып алуға құқық беретін, өзінің мәні бойынга борыштық қолхат болып табылады",
    "variant": "облигациялар"
  },
  {
    "question": "Бағалы қағаздардың есебін жүргізеді және сертификаттарды сақтайды",
    "variant": "депозиторийлер"
  },
  {
    "question": "Бұл белгілі бір мерзімге салынған немесе арнайы келісім негізінде банкке клиент тарапынан салынатын ақша қаражаты",
    "variant": "депозит"
  },
  {
    "question": "Бұл белгілі бір уақыт аралығында салынатын депозиттер",
    "variant": "мерзімді депозиттер"
  },
  {
    "question": "Бұл депозит  түрінде ақша клиенттің талап етуі бойынша кез келген уақытта шешіліп алынатын депозит түрі",
    "variant": "талап ету депозиті"
  },
  {
    "question": "Бұл салымшының белгілі бір мақсатта ақша жинау үшін ашылатын депозиті. Бұл депозит түрі ұзақ мерзімді болады және пайыздар әр түрлі болуы мүмкін",
    "variant": "жинақ депозиттері"
  },
  {
    "question": "Бұл белгілі бір мерзімге ақша салғанымен, салымшыға ақша алу құқығын береді. Яғни, салымшы кез келген уақытта депозитті толық немесе жартылай шешіп ала алады, бірақ ол үшін пайыздық мөлшерлеме өзгеруі мүмкін",
    "variant": "икемді депозиттер"
  },
  {
    "question": "Бұл белгілі бір уақыт  ішінде  белгілі бір соманы қаызға алу немесе беру келісімі. Бұл бір тараптың  екінші тарапқа  белгілі бір мөлшерде ақша немесе тауарды уақытша беріп, оны кейіннен пайызбен немесе пайыссыз қайтаруңа келісім жасуы дегенді білдіреді.",
    "variant": "несие"
  },
  {
    "question": "Егер пайыздық мөлшерлемелер төмендесе, қарызды қайта қаржыландыруды қарастыруға болады.Бұл қарызды қайта құрылымдау және төмен пайызбен  ұзақ мерзімге  алу арқылы  жеңілдетуге мүмкіндік береді",
    "variant": "қарызды қайта қаржыландыру"
  },
  {
    "question": "Шаруашылық жүргізуші  субьектілер мен мемлекет шығарған  бағалы қағаздардың  сан салуан  түрлері сатылатын және сатып алатын қаржы нарығының бөлігі",
    "variant": "бағалы қағаздар нарығы"
  },
  {
    "question": "Иеленушілеріне мүліктік құқықтар мен белгілі бір ақша сомаларын алуға құқық беретін ақшалай немесе тауарлық құжаттар",
    "variant": "бағалы қағаздар"
  },
  {
    "question": "Капиталды жұмсаудың  обьектісі болып табылатын  бағалы қағаздар",
    "variant": "инвестициялық бағалы қағаздар"
  },
  {
    "question": "Ерікті негізде халық арасында таратылатын мемлекеттік бағалы қағаздарды түрі, ол иелерінің ақшаны бюджетке аударғанын куәләндландырады және осы бағалы қағаздарды  бүкіл иелену кезінде тіркелген табыс алуына құқық береді",
    "variant": "қазынашылық міндеттемелер"
  },
  {
    "question": "Биржалардағы мерзімдік мәмілелер, олардың мәнісі қаржылық және кредиттік құралдарды шикізат тауарларын, алтынды, валютаны мәсіле жасау сәтінде тіркелетін бағамен сатып алуда және сатуда, бұл орайда операциялар белгілі бір уақыт аралығында орындалады",
    "variant": "фьючестік операциялар"
  },
  {
    "question": "Мерзімдік биржа мәмілелерінде енгізілген шарт бойынша тараптардың біріне мәміленің бірін – бірі жоққа шығаратын жекелеген шарттардың бірін таңдау немесе оның бастапқы шарттарын өзгеру құқығы беріледі",
    "variant": "опциондық мәміле"
  },
  {
    "question": "Шұғыл жеткізілген шартымен қайсібір активті – қор құндылықтарын, валюта, басқа заттарды, тауарларды сатып алу (сату) жөнінде мәмілелер жасалады, бұл орайда  сонымен бірге белгілі бір мерзімге кері мәміле жасалады",
    "variant": "своптар  мәмілесі"
  },
  {
    "question": "Туынды бағалы қағаздар, олар белгілі бір баға бойынша  белгілі бір кезеңнің ішінде эмитенттің акцияларды сатып алуға жеңілдікті құқығын білдіреді",
    "variant": "варанттар"
  },
  {
    "question": "Бұл жарғылық капиталды  капиталды қалыптастыру немесе қарыздық қаражаттарды тарту мақсатымен бағалы қағаздар шығару және орналастыру",
    "variant": "бағалы қағаздар эмиссиясы"
  },
  {
    "question": "Өз қаражаттарын бағалы қағаздарға салуды инвестицияны жүзеге асыратын жеке немесе заңды тұлғалар",
    "variant": "инвесторлар"
  },
  {
    "question": "Қолданыстағы  заңдарға сәйкес  эмиссиялық  бағалы қағаздар шығаруды жүзеге асыратын заңды тұлғалар",
    "variant": "эмитенттер"
  },
  {
    "question": "Бағалы қағаздар нарығының  қаржылық құралдарын және клиенттер ақшасының есебінен алуды және олар бойынша құқықтарды растауды, клиенттердің құжатты қаржылық құралдардың сақталуы жөнінде өзіне міндеттемелер қабылдай отырып оларды сақтауды жүзеге асыратын кәсіпқой қатысушы",
    "variant": "кастадион"
  },
  {
    "question": "Бағалы қағаздар нарығының брокерлік – дилерлік қызметті жүзеге асыруға лицензиясы бар және эмитентке эмиссиялық бағалы қағаздарды шығару жөнінде  қызмет көрсететін кәсіпқой қатысушы",
    "variant": "андеррайтер"
  },
  {
    "question": "Бағалы қағаздар нарығының клиенттің тапсырмасы бойынша, соның есебінен және мүдделерін көздеп, эмиссиялық бағалы қағаздармен және өзге қаржылық құралдармен мәміле жасайтын кәсіпқой қатысушы",
    "variant": "брокер"
  },
  {
    "question": "Бағалы қағаздар нарығының ұйымдастырылған бағалы қағаздар нарығында баға белгілеуді ұсыну және оларды бұқаралық ақпарат құралдарына жариялау арқылы өз мүдделерін көздеп және өз есебінен эмиссиялық бағалы қағаздармен және өзге қаржылы құралдарме мәмілелер жасайтын кәсіпқой қатысушы",
    "variant": "диллер"
  },
  {
    "question": "Мемлекеттің өзінің  ұлттық мүдделеріне сәйкес  дербес  қаржы – экономикалық саясатты жүзеге асыру қабілеті",
    "variant": "қаржылық қауіпсіздік"
  },
  {
    "question": "Мемлекеттік және жергілікті бюджеттердің  кірістері мен  шығыстарының  теңгерімін және бюджет қаражатын  пайдалану  тиімділігін ескере отырып, мемлекеттің төлем қабілеттілігін қамтамасыз ету жағдайы",
    "variant": "бюджеттік қауіпсіздік"
  },
  {
    "question": "Мемлекеттің фискалдық мүдделерін және салық төлеушілердің жеке, корпоративтік мүдделерін оңтайлы біріктіруге тиісмемлекеттің салық саясатының тиімділігі",
    "variant": "салық қауіпсіздігі"
  },
  {
    "question": "Бұл адамның жеке және қоғам ішінде  материалдық  және рухани қажеттіліктерін қанағаттандыру үшін  қаржылық қауіпсіздікке  ие болуының әлеуметтік – экономикалық мүмкіндігі, сондай ақ болашақта осы тәуелсіздікті  сақтау және оны одан әрі арттыру",
    "variant": "жеке қаржылық"
  },
  {
    "question": "Акционерлік қоғамның жоғары органы болып табылады",
    "variant": "Акционерлердің жалпы жиналысы"
  },
  {
    "question": "Сату көлемі 36 000 мың теңге, нарықтағы жалпы сұраныс 180 000 мың теңге болғаны белгілі болса, «Айвенго» ЖШС-нің нарықтағы үлесін анықтаңыз.",
    "variant": "20%"
  },
  {
    "question": "Жеке кәсiпкерлiк субъектiсi анықтайтын және қорғайтын, заңды түрде шектеулi тұлғалар шеңберiне еркiн қол жеткiзiлетiн, ашылуы, алынуы, пайдаланылуы оның мүдделерiне зиян келтiруi мүмкiн ақпарат",
    "variant": "коммерциялық құпия"
  },
  {
    "question": "Қазақстан Республикасының Кәсіпкерлік кодексіне сәйкес кәсіпкерлік субъектілерін көлемі бойынша бөлу өлшемдеріне мыналар жатады:",
    "variant": "жұмысшылардың орташа жылдық саны және орташа жылдық табыс"
  },
  {
    "question": "ЖШС құрылтайшыларының ең аз саны",
    "variant": "1"
  },
  {
    "question": "Қазақстан Республикасында «Сыбайлас жемқорлыққа қарсы іс-қимыл туралы» Заңға сәйкес кәсіпкерлік қызметпен айналысуға кімнің құқығы жоқ",
    "variant": "салық қызметкерлері"
  },
  {
    "question": "Қазақстан Республикасындағы шағын кәсіпорындарда жұмысшылар саны қанша болуы керек?",
    "variant": "100 адамға дейін"
  },
  {
    "question": "Қазақстан Республикасының Кәсіпкерлік кодексінің қабылданған күні",
    "variant": "29.10. 2015"
  },
  {
    "question": "Қаржылық кәсiпкерлiк – негiзi болып табылатын кәсiпкерлiк түрi:",
    "variant": "Ақша, шетел валютасы, бағалы қағаздар"
  },
  {
    "question": "Жеке кәсіпкерліктің экономикалық негізі... меншік болып табылады.",
    "variant": "Жеке"
  },
  {
    "question": "Қандай ұйымдық-құқықтық нысандағы заңды тұлғалар Қазақстан Республикасының заңнамасына сәйкес эмиссиялық бағалы қағаздарды шығаруға құқылы?",
    "variant": "акционерлік қоғам"
  },
  {
    "question": "Шағын наубайхана ашу кәсіпкерліктің қандай түріне жатады?",
    "variant": "өндіріс"
  },
  {
    "question": "ЖШС ... өткен сәттен бастап құрылған болып саналады",
    "variant": "Мемлекеттік тіркеу"
  },
  {
    "question": "Бизнес-жобаны қаржыландырудың қарыз көздеріне мыналар жатады:",
    "variant": "Несиелер"
  },
  {
    "question": "Белгілі бір ережелерді сақтай отырып, белгілі бір брендпен шектелген аумақта белгілі бір кәсіпкерлікті жүргізу құқығы дегеніміз:",
    "variant": "франшиза"
  },
  {
    "question": "Франчайзинг дегеніміз:",
    "variant": "пайданың бір бөлігіне айырбас ретінде белгілі тауар белгісімен бизнес жүргізу құқығын алу"
  },
  {
    "question": "Кәсіпорынның маркетингтік тәжірибесіндегі SWOT талдаудың негізгі элементтері: күшті жақтары - әлсіз жақтары - мүмкіндіктер - ...:",
    "variant": "қауіп-қатер"
  },
  {
    "question": "Нарықты жеке топтарға бөлу қалай аталады?",
    "variant": "нарықты сегменттеу"
  },
  {
    "question": "Бренд дегеніміз:",
    "variant": "сатып алушының санасында тауар белгісі тудыратын бейне"
  },
  {
    "question": "Кәсіпорынның ішкі ортасына мыналар жатады:",
    "variant": "кәсіпорын персоналы"
  },
  {
    "question": "Тауарлармен, жұмыстармен, қызметтермен, ақпараттармен халықаралық алмасу саласындағы кәсіпкерлік дегеніміз:",
    "variant": "Сыртқы сауда қызметі"
  },
  {
    "question": "Нарық механизмінің негізгі элементтері",
    "variant": "Бәсеке, баға, сұраныс және ұсыныс"
  },
  {
    "question": "Бизнес-жобаның тиімділігі дегеніміз не?",
    "variant": "нәтижені шығындармен салыстыру және оны бағалау"
  },
  {
    "question": "Табыс пен өндіріс шығындарының айырмашылығы:",
    "variant": "пайда"
  },
  {
    "question": "Кәсіпкердің қаржылық ресурстары",
    "variant": "жарғылық капитал, несиелер"
  },
  {
    "question": "Теріс әлеуметтік бағыттағы жігерлі кәсіпкерді қалай атаймыз?",
    "variant": "«Акула»"
  },
  {
    "question": "Позитивті әлеуметтік бағыттағы жігерлі кәсіпкерді қалай атаймыз?",
    "variant": "«Дельфин»"
  },
  {
    "question": "Теріс әлеуметтік бағыттағы энергиясы төмен кәсіпкер қалай аталады?",
    "variant": "«Шаян»"
  },
  {
    "question": "Canvas бизнес үлгісі неше қадамнан (кезеңнен) тұрады?",
    "variant": "9"
  },
  {
    "question": "Бизнес-жоспардың ұсынылып отырған жобаның нәтижелері мен қорытындыларын сипаттайтын бөлімінде өндіріс пен өнімнің жаңалығы туралы айтылады:",
    "variant": "Түйіндеме"
  },
  {
    "question": "Маркетинг дегеніміз:",
    "variant": "тұтынушылардың қажеттіліктерін қанағаттандыру арқылы пайда табуға бағытталған компанияның әрекеті"
  },
  {
    "question": "Маркетингтің негізгі элементтерін қамтитын модель, аббревиатура:",
    "variant": "Модель 4Р"
  }
]