[
  {
    "question": "Дербес компьютер мен коммутаторды қосу үшін қолданылатын кабель түрі:",
    "variant": "Тікелей кабель"
  },
  {
    "question": "Бір коммутаторды екінші коммутаторға қосқанда екеуі де auto-MDIX-ті қолдамаса, қандай Ethernet кабелі қолданылады?",
    "variant": "Crossover кабелі"
  },
  {
    "question": "Коммутаторға қашықтан қол жеткізуге арналған қауіпсіз хаттама қайсысы?",
    "variant": "SSH хаттамасы"
  },
  {
    "question": "Коммутатордың атын өзгерту үшін қолданылатын команда:",
    "variant": "hostname командасы"
  },
  {
    "question": "Қашықтан басқару үшін конфигурацияланатын коммутатордағы интерфейстің қайсысы жиі пайдаланылады?",
    "variant": "VLAN 1 интерфейсі (SVI)"
  },
  {
    "question": "Коммутатордағы портты іске қосатын команда:",
    "variant": "no shutdown"
  },
  {
    "question": "Коммутаторды қашықтан басқару үшін SVI-ға қандай параметр керек?",
    "variant": "IP мекен-жайы мен маска"
  },
  {
    "question": "Ethernet-желіде қолданылатын қолжетімділік әдісі қандай?",
    "variant": "CSMA/CD"
  },
  {
    "question": "Желілердегі коммутация түрлерінің қайсысы бар:",
    "variant": "Circuit switching (тізбекпен коммутациялау)"
  },
  {
    "question": "Желідегі пакеттерді коммутациялау үшін көбінесе қай технология қолданылады?",
    "variant": "Internet Protocol"
  },
  {
    "question": "Коммутатордағы MAC мекенжайлары кестесі дегеніміз не?",
    "variant": "MAC мекенжайлары мен порттар арасындағы сәйкестік кестесі"
  },
  {
    "question": "Коммутатор MAC кестесін қалай пайдаланады?",
    "variant": "MAC бойынша пакеттерді тиісті порттарға жібереді"
  },
  {
    "question": "Store-and-forward (аралық сақтау) коммутациясы нені білдіреді?",
    "variant": "Коммутатор барлық кадрды қарап, FCS тексеріп, содан кейін жібереді"
  },
  {
    "question": "Store-and-forward режимінде коммутатор қандай мәнді тексереді?",
    "variant": "FCS (Frame Check Sequence)"
  },
  {
    "question": "Cut-through (тікелей) коммутациясының артықшылығы қандай?",
    "variant": "FCS арқылы сенімділіктің артуы"
  },
  {
    "question": "VLAN дегеніміз не?",
    "variant": "Коммутатордағы логикалық бөлінген желі сегменті"
  },
  {
    "question": "VLAN қолданудың негізгі артықшылығы неде?",
    "variant": "Желіні физикалық өзгертпей логикалық сегменттеу мүмкіндігі"
  },
  {
    "question": "Әдепкі VLAN (default VLAN) дегеніміз не?",
    "variant": "Коммутатор бастапқы күйінде барлық порттарға тағайындалған VLAN"
  },
  {
    "question": "Voice VLAN деген қандай мақсатта қолданылады?",
    "variant": "Дауыстық трафикті оқшаулау және QoS үшін"
  },
  {
    "question": "VLAN жоқ желіде не болады?",
    "variant": "Барлық құрылғылар бір таратылым(broadcast) доменінде болады"
  },
  {
    "question": "Trunk порттың негізгі мақсаты қандай?",
    "variant": "Бірнеше VLAN трафигін тасымалдау"
  },
  {
    "question": "L3-коммутаторда VLAN арасындағы маршруттау үшін не қажет?",
    "variant": "SVI конфигурациясы"
  },
  {
    "question": "L3-коммутаторда IP маршрутизациясын қосатын команда:",
    "variant": "ip routing"
  },
  {
    "question": "VLAN-ға арналған маршрутизаторда әрбір VLAN-ға не тағайындалады?",
    "variant": "IP мекенжайлы ішкі интерфейс немесе SVI"
  },
  {
    "question": "Қандай қауіпсіздік функциясы таратылым дауылынан(broadcast storm) қорғайды?",
    "variant": "BPDU Guard"
  },
  {
    "question": "Коммутаторлар арасында артық байланыстардың болуы неге әкелуі мүмкін?",
    "variant": "Желілік ілмектерге (loops) әкеледі"
  },
  {
    "question": "STP порт күйлерінің саны қанша?",
    "variant": "5"
  },
  {
    "question": "STP-да трафикті блоктайтын порт функциясы қалай аталады?",
    "variant": "Alternate Port"
  },
  {
    "question": "STP топология өзгергеннен кейін не істейді?",
    "variant": "Топологияны қайта есептейді"
  },
  {
    "question": "STP-нің жылдам конвергенциясын қамтамасыз ететін нұсқа:",
    "variant": "RSTP"
  },
  {
    "question": "Бірдей жағдай болғанда (tie) түбірлік көпір (root bridge) қалай таңдалады?",
    "variant": "MAC мекенжайлар негізінде"
  },
  {
    "question": "LACP режимдерінің қайсысы көрші құрылғыдан бастаманы күтеді?",
    "variant": "passive"
  },
  {
    "question": "EtherChannel күйін тексеруге арналған Cisco командасы қайсысы?",
    "variant": "show etherchannel summary"
  },
  {
    "question": "EtherChannel-ды статикалық (on) режиміне баптайтын команда:",
    "variant": "channel-group 1 mode on"
  },
  {
    "question": "EtherChannel-да әдеттегі (default) жүктеме теңгерімі қандай алгоритмге негізделеді?",
    "variant": "src-dst-ip"
  },
  {
    "question": "EtherChannel арналарын әртүрлі жылдамдықта біріктіруге бола ма?",
    "variant": "Жоқ, барлық арналар бірдей жылдамдықта болуы тиіс"
  },
  {
    "question": "Қай хаттама стандартты (ашық, vendor-neutral) болып табылады?",
    "variant": "LACP"
  },
  {
    "question": "Егер EtherChannel ішіндегі бір арна істен шықса, жүйе қалай әрекет етеді?",
    "variant": "Трафик қалған арналар арасында қайта бөлінеді"
  },
  {
    "question": "DHCP процесінде қолданылатын хабарламалар тізбегі қандай?",
    "variant": "Discover, Offer, Request, Acknowledgment"
  },
  {
    "question": "DHCPv4 пен DHCPv6-ның басты айырмашылығы неде?",
    "variant": "DHCPv4 — IPv4 үшін, DHCPv6 — IPv6 үшін жасалған"
  },
  {
    "question": "DHCP басқарудың негізгі артықшылығы не?",
    "variant": "IP мекенжайларын автоматтандыру және қайшылықтарды азайту"
  },
  {
    "question": "DHCP қайшылықты IP-адрестерді қалай өңдеуі мүмкін?",
    "variant": "Мекенжай беруді тоқтату және журналға жазу"
  },
  {
    "question": "Қандай команда Cisco маршрутизаторында DHCP пулын құру үшін қолданылады?",
    "variant": "ip dhcp pool NAME"
  },
  {
    "question": "Link-local мекенжайларды автоматты түрде конфигурациялау үшін қай протокол қолданылады (IPv6)?",
    "variant": "NDP"
  },
  {
    "question": "Коммутаторды бастапқы қалпына келтіру (boot loader) режиміне өткенде қандай шақыру (prompt) жиі көрсетіледі?",
    "variant": "switch:"
  },
  {
    "question": "Коммутатор қуат қосылғанда жүктеу тізбегіндегі бірінші әрекет қандай?",
    "variant": "POST өткізу және аппараттарды тексеру"
  },
  {
    "question": "Роутердегі жоғалған парольді қалпына келтіру үшін әкімшінің не болуы қажет?",
    "variant": "Роутергмен физикалық және консоль байланысы"
  },
  {
    "question": "Коммутаторте login local және SSH баптағанда қандай қосымша команда керек ?",
    "variant": "username secret"
  },
  {
    "question": "Барлық интерфейстердің егжей-тегжейлі күйін (giants, runts, collisions және т.б.) көрсету үшін қандай команда қолданылады?",
    "variant": "show interfaces"
  },
  {
    "question": "Бродкаст және коллизия домендері туралы дұрыс тұжырым қайсысы?",
    "variant": "Роутер broadcas домендеріне шекара болады"
  },
  {
    "question": "IPv6 мекенжайын жасаy кезінде EUI-64 не үшін қолданылады?",
    "variant": "MAC-мекенжайдан бірегей идентификатор құру әдісі"
  },
  {
    "question": "Маршруттаусыз жергілікті желі ішіндегі байланыс үшін қай адрес қолданылады?",
    "variant": "Link-local (FE80::/10)"
  },
  {
    "question": "Егер RA (Router Advertisement) хабарламасында A=1 болса, хост не істейді?",
    "variant": "SLAAC арқылы адрес автоконфигурациясын пайдаланады"
  },
  {
    "question": "IPv6-де ARP-тың (Address Resolution Protocol) орнына қай протокол қолданады?",
    "variant": "NDP"
  },
  {
    "question": "RA-хабарламадан SLAAC пайдалануын көрсететін ту қайсысы?",
    "variant": "A-туы (Autonomous)"
  },
  {
    "question": "RA-хабарламадан M-туының болуы нені білдіреді?",
    "variant": "Хост DHCPv6 арқылы мекенжай алуы керек"
  },
  {
    "question": "SLAAC аббревиатурасы нені білдіреді?",
    "variant": "Stateless Address Autoconfiguration"
  },
  {
    "question": "FHRP (First Hop Redundancy Protocol) ашық стандарттарының бірі қайсысы?",
    "variant": "VRRP"
  },
  {
    "question": "FHRP анықтамасы неге сәйкес келеді?",
    "variant": "Әдепкі шлюз резервтеу хаттамалары"
  },
  {
    "question": "Виртуалды IP-мекенжайларды қайсысы пайдаланады?",
    "variant": "Барлығы FHRP"
  },
  {
    "question": "HSRP хаттамасының негізгі мақсаты қандай?",
    "variant": "`Роутер істен шыққанда үздіксіз әдепкі шлюз қатынасын қамтамасыз ету"
  },
  {
    "question": "IPv4 LAN желісінде router redundancy үшін стандартты (non-proprietary) хаттама қайсысы?",
    "variant": "VRRP"
  },
  {
    "question": "VRRPv3-тің бір ерекшелігі қандай?",
    "variant": "IPv4 және IPv6 екеуін де қолдайды"
  },
  {
    "question": "GLBP-ке қарағанда HSRP қолданудың мүмкін кемшілігі неде?",
    "variant": "Бірнеше белсенді роутер арқылы жүктемңне теңгере алмайды"
  },
  {
    "question": "FHRP хаттамасы қажет болғанда желі ресурстарын тиімді пайдалану үшін қай хаттама таңдалады?",
    "variant": "GLBP"
  },
  {
    "question": "FHRP терминологиясында «топ» ішінде хосттарға бір ғана роутер ретінде көрінетін нәрсе қалай аталады?",
    "variant": "Virtual router"
  },
  {
    "question": "GLBP ерекшелігін таңдаңыз:",
    "variant": "Топтағы біреу істен шықса автоматты reroute жасайды"
  },
  {
    "question": "GLBP-ке тән дұрыс сипаттама қандай?",
    "variant": "Load balancing мүмкіндігі бар және Cisco proprietary болып келеді"
  },
  {
    "question": "HSRP жұмысына қатысты дұрыс тұжырым қайсысы?",
    "variant": "Active router виртуалды IP мен виртуалды MAC сұрауларына жауап береді"
  },
  {
    "question": "HSRP preemption функциясы қалай іске қосылады?",
    "variant": "standby preempt командасы арқылы"
  },
  {
    "question": "VRRP туралы дұрыс тұжырым қайсысы?",
    "variant": "Master және бірнеше backup роутерлер таңдалады"
  },
  {
    "question": "Қайсысы Cisco-ның жеке хаттамасы болып табылады?",
    "variant": "HSRP"
  },
  {
    "question": "HSRP Learn күйінің сипаттамасы қандай?",
    "variant": "Router виртуалды IP-ді үйрену процесінде"
  },
  {
    "question": "VRRP-ке тән дұрыс қасиет қайсысы?",
    "variant": "Ашық стандартты хаттама"
  },
  {
    "question": "HSRP желісінде workstation-нан default gateway-ге арналған MAC-адреске жіберілетін frame қай мекенжайға бағытталады?",
    "variant": "Virtual router MAC"
  },
  {
    "question": "HSRP-де active router сөнсе, хост қалай әрекет етеді?",
    "variant": "Көп жағдайда үзіліссіз жұмысын жалғастырады"
  },
  {
    "question": "TACACS+ сервер қандай функцияларды орындайды?",
    "variant": "Аутентификация, авторизация және есепке алу қызметтері"
  },
  {
    "question": "802.1X рөлі неде?",
    "variant": "Құрылғының желіде аутентификациялау"
  },
  {
    "question": "AAA модельінде авторизация не үшін қызмет етеді?",
    "variant": "Пайдаланушы рұқсаттарын анықтайды"
  },
  {
    "question": "Пайдаланушылардың желіге қосылу әрекеттерін және уақытын тіркеу үшін қандай протокол жиі қолданылады?",
    "variant": "RADIUS"
  },
  {
    "question": "Егер 802.1X аутентификациясы сәтсіз болса, портта не болуы мүмкін?",
    "variant": "Порт бұғатталады және қолжетімсіз болады"
  },
  {
    "question": "AAA жүйесіндегі есепке алу модулі не үшін жауапты?",
    "variant": "Пайдаланушының іс-әрекеттерін журналдау"
  },
  {
    "question": "Орталықтандырылған аутентификация үшін желіде қайсысы пайдаланылады?",
    "variant": "RADIUS"
  },
  {
    "question": "VLAN Hopping қалай жұмыс жасайды?",
    "variant": "Басқа VLAN-ның трафигіне қол жеткізу мүмкіндігін"
  },
  {
    "question": "BPDU Guard қандай шабуылдан немесе қателіктен қорғайды?",
    "variant": "STP-ға қатысы бар қауіпті BPDU хабарламаларынан қорғау"
  },
  {
    "question": "DHCP Snooping қандай шабуыл түрінен қорғайды?",
    "variant": "Жалған DHCP серверлер арқылы жалған IP-адрестер беру"
  },
  {
    "question": "ARP Spoofing шабуылынан қорғаныс үшін қандай механизм қолданылады?",
    "variant": "Dynamic ARP Inspection"
  },
  {
    "question": "IP Source Guard нені болдырмайды?",
    "variant": "IP мекенжайларын ауыстыруды болдырмайды"
  },
  {
    "question": "DTP (Dynamic Trunking Protocol) не істейді?",
    "variant": "Trunk порттарды автоматты түрде құрады"
  },
  {
    "question": "Port Security іске қосылғанда рұқсат етілген MAC-адрестерден тыс хост қосылса, не болады?",
    "variant": "Порт бұғатталады немесе шектеледі"
  },
  {
    "question": "Сымсыз желінің негізгі кемшіліктерінің бірі қандай?",
    "variant": "Кедергілерге сезімтал болу"
  },
  {
    "question": "WLAN-да клиенттер қосылуын қамтамасыз ететін құрылғы қалай аталады?",
    "variant": "Access Point"
  },
  {
    "question": "Сымсыз желіні сымды желіге қосатын құрылғы әдетте қандай?",
    "variant": "Маршрутизатор немесе Access Point"
  },
  {
    "question": "Wi-Fi SSID не анықтайды?",
    "variant": "Сымсыз желінің атауын"
  },
  {
    "question": "CAPWAP хаттамасының мақсаты не?",
    "variant": "Access Point-терді басқаруға мүмкіндік беру"
  },
  {
    "question": "CAPWAP артықшылығы қандай?",
    "variant": "Access point-терді орталықтан басқару мүмкіндігі"
  },
  {
    "question": "Қашықтағы сайтта WLC (wireless LAN controller) істен шыққан жағдайда HA қалай қамтамасыз етіледі?",
    "variant": "WLC үшін High Availability режимін баптау"
  },
  {
    "question": "Желіде ішкі (internal) маршруттау хаттамасына қайсысы жатады?",
    "variant": "RIP"
  },
  {
    "question": "«Әдепкі шлюз» (default gateway) терминінің мәні неде?",
    "variant": "Кестеде нақты сәйкестік болмаған жағдайда пакеттер үшін тағайындалған маршрут"
  },
  {
    "question": "Екі түрлі желіні қосатын құрылғы қалай аталады?",
    "variant": "Маршрутизатор"
  },
  {
    "question": "Қай желілік құрылғы Layer 2 бродкаст доменінің шекарасы бола алады?",
    "variant": "Роутер"
  },
  {
    "question": "Тағайындауға мүмкіндік беретін пәрмен IP-маршрутизатордың интерфейсіне мекен-жайын қою үшін:",
    "variant": "ip address <мекен-жай> <маска>"
  },
  {
    "question": "Динамикалық түрде IP мекенжайлар таратауға арналған хаттама:",
    "variant": "DHCP"
  },
  {
    "question": "Маршруттау кестесі әдетте қайда сақталады?",
    "variant": "Жедел жады"
  },
  {
    "question": "IPv4-мекен-жайда бит саны:",
    "variant": "32 бит"
  },
  {
    "question": "Коммутатордағы фрейм буферларының мақсаты қандай?",
    "variant": "Трафикті ұстау арқылы желі кептелісін жеңілдету"
  },
  {
    "question": "OSI моделінде маршруттау қай деңгейде орындалады:",
    "variant": "Желілік деңгей"
  },
  {
    "question": "Cisco маршрутизаторындағы қандай мүмкіндік белгілі бір маршрут жоқ трафикті қайта бағыттауға мүмкіндік береді?",
    "variant": "Соңғы желі шлюзі"
  },
  {
    "question": "Статикалық маршрутизациямен салыстырғанда динамикалық бағыттау протоколдарын қолданудың артықшылығы қандай?",
    "variant": "Жаңа маршруттарды белсенді түрде іздеу мүмкіндігі"
  },
  {
    "question": "VLAN-дар туралы: қандай VLAN идентификаторлары жүйелік және кәдімгі желілер үшін пайдаланылмайды (reserved)?",
    "variant": "0 және 4095"
  },
  {
    "question": "Маршрутизаторда конфигурацияланатын қандай статикалық маршрут тек шығыс интерфейсті (exit interface) ғана қолданады?",
    "variant": "Тікелей қосылған (directly connected) статикалық маршрут"
  },
  {
    "question": "Next-hop IP мекенжайы және шығыс интерфейсі бірге көрсетілген кезде қандай түрдегі статикалық маршрут құрылады?",
    "variant": "Толық анықталған статикалық маршрут"
  },
  {
    "question": "Желі әкімшісі белгілі бір веб-серверге пакеттерді бағыттау үшін маршрутты баптап жатыр. Әкімші қандай маршрут түрін конфигурациялауы керек?",
    "variant": "Хост-маршрут"
  },
  {
    "question": "IPv6 желісінде әдепкі маршрутты көрсету үшін қандай префикс қолданылады?",
    "variant": "::/0"
  },
  {
    "question": "Маршрутизаторды пайдаланбай екі түрлі желіні қосуға бола ма?",
    "variant": "Иә, L3 коммутатордың көмегімен"
  },
  {
    "question": "Желілердегі дауыстық трафикті белгілеу не үшін қажет?",
    "variant": "Трафикке басымдық беру (QoS) үшін"
  },
  {
    "question": "Веб-сайтқа атауы арқылы қол жеткізу үшін DNS керек па?",
    "variant": "Иә, егер тек домен атауы болса"
  },
  {
    "question": "Коммутаторда VLAN құру кезінде қандай параметр көрсетіледі?",
    "variant": "VLAN ID және атауы"
  },
  {
    "question": "Коммутатордағы vlan.dat файлының мақсаты қандай?",
    "variant": "VLAN дерекқорын сақтау"
  },
  {
    "question": "IPv4 мекенжайын автоматты түрде конфигурациялаудың қандай жолдары бар?",
    "variant": "DHCP немесе APIPA арқылы"
  },
  {
    "question": "VLAN-ның тарату (broadcast) доменіне әсері қандай?",
    "variant": "Оның көлемін азайтады"
  },
  {
    "question": "Интер-VLAN маршрутизациясының L3-коммутатордағы негізгі артықшылығы қандай (Router-on-a-stick-пен салыстырғанда)?",
    "variant": "Жоғары өткізу қабілеті және төмен латенттік"
  },
  {
    "question": "Inter-VLAN Routing арқылы Layer 3 коммутаторын қолданудың артықшылығы неде?",
    "variant": "Кідірістерді азайту"
  },
  {
    "question": "VLAN арасында байланыс жоқ болса, негізгі мәселе не болуы мүмкін?",
    "variant": "Trunk порттардың дұрыс конфигурацияланбауы"
  },
  {
    "question": "802.1Q стандарты бойынша VLAN идентификаторларының диапазоны қандай?",
    "variant": "1–4094"
  },
  {
    "question": "Router-on-a-stick конфигурациясында трафик VLAN арқылы қалай беріледі?",
    "variant": "Роутердің бір физикалық интерфейсі арқылы"
  },
  {
    "question": "Түбірлі көпірге (root bridge) бірнеше тең жолдар болғанда порт таңдау критерийі қалай анықталады?",
    "variant": "Ең төменші порт нөмірі мен path cost комбинациясы"
  },
  {
    "question": "Желінің қалыпты жұмысында блокталған күйде қалатын STP порты қандай?",
    "variant": "Alternate Port"
  },
  {
    "question": "STP-ға балама ретінде ықтимал шешім қандай?",
    "variant": "TRILL"
  },
  {
    "question": "Brige басымдығын анықтайтын STP параметрі қайсысы?",
    "variant": "Bridge ID"
  },
  {
    "question": "Порт STP-дан Forwarding күйіне өту алдында қандай күй арқылы өтеді?",
    "variant": "Learning"
  },
  {
    "question": "VLAN деңгейінде STP жұмысын нақтылау үшін қандай Cisco технологиясын қолданады?",
    "variant": "PVST+"
  },
  {
    "question": "BPDU-дан қорғайтын механизмдердің қайсысы қате алынған BPDU-ларды өңдеуден қорғауға көмектеседі?",
    "variant": "BPDU Guard"
  },
  {
    "question": "LACP күйін тексеру үшін қандай команда қолданылады?",
    "variant": "show lacp neighbor"
  },
  {
    "question": "Show etherchannel summary нәтижесінде \"D\" статусы нені білдіреді?",
    "variant": "Порт режимі – desirable"
  },
  {
    "question": "EtherChannel-ға қатысатын барлық порттарда қандай параметр сәйкес болуы керек?",
    "variant": "Native VLAN"
  },
  {
    "question": "Бар портқа жаңа портты қосуға болады ма, EtherChannel жұмысы бұзылмай ма?",
    "variant": "Иә, егер параметрлер үйлесімді болса"
  },
  {
    "question": "EtherChannel параметрлері үйлеспеушілігін көрсететін күй қайсысы?",
    "variant": "SU (Stand-alone)"
  },
  {
    "question": "Қандай команда LACP-порттар туралы толық ақпарат көрсетеді?",
    "variant": "show lacp internal"
  },
  {
    "question": "LACP keepalive таймерінің жиілігін білдіретін опциялар қандай?",
    "variant": "short (1 сек) және long (30 сек)"
  },
  {
    "question": "Егер DHCP-конфигурацияда default-router параметрі көрсетілмесе не болуы мүмкін?",
    "variant": "Клиенттер сыртқы желілерге қатынай алмайды"
  },
  {
    "question": "DHCP пулына бірнеше DNS-серверді қалай тағайындауға болады (мысал):",
    "variant": "dns-server 8.8.8.8 8.8.4.4"
  },
  {
    "question": "DHCP клиент IP мекенжайын алу барысында қай хабарламаны жібереді бірінші?",
    "variant": "DHCP Discover"
  },
  {
    "question": "DHCP хаттамасының негізгі мақсаты неде?",
    "variant": "IP мекенжайларды автоматты түрде тағайындау"
  },
  {
    "question": "DHCP сервер клиентке IP-адрестен басқа нені бере алады?",
    "variant": "Subnet mask және default gateway, DNS-серверлер"
  },
  {
    "question": "IP клиент лизинг процесінде қандай мәліметтерді алуы тиіс?",
    "variant": "IP-адрес, subnet mask және т.б желілік параметрлер"
  },
  {
    "question": "DHCP серверлердің негізгі міндеті желіде неде?",
    "variant": "Клиенттерге IP-адрестерді тағайындау"
  },
  {
    "question": "IPv6 мекенжай түрлерінің қайсысы Интернетте ешқашан бағытталмайды (not routable globally)?",
    "variant": "Link-local (FE80::/10)"
  },
  {
    "question": "Егер коммутатор Fa0/5 транкі арқылы VLAN 10 және 20-ны рұқсат етсе, switchport trunk allowed vlan 30 командасын орындағанда не болады?",
    "variant": "Fa0/5 тек VLAN 30-ды рұқсат етеді"
  },
  {
    "question": "PC басқа желідегі веб-серверге қол жеткізуі үшін ең жоғары өткізу қабілетін және әдепкі шлюзті қамтамасыз ететін интер-VLAN әдісі қайсысы?",
    "variant": "Multilayer коммутаторында маршрутизация қосылған"
  },
  {
    "question": "Көшірмелерді анықтау үшін қандай хаттама қолданылады IPv6 мекенжайлар үшін?",
    "variant": "DAD (Duplicate Address Detection)"
  },
  {
    "question": "RA (Router Advertisement) хабарламасында SLAAC өшірілетін ту қалай көрінеді?",
    "variant": "A = 0"
  },
  {
    "question": "DHCPv6-дегі IAID не білдіреді?",
    "variant": "Клиент интерфейсінің идентификаторы"
  },
  {
    "question": "DHCPv6 қай тип хабарламасы конфигурациялық параметрлерді (мысалы, DNS) сұрайды?",
    "variant": "Information-Request"
  },
  {
    "question": "DHCPv6-те қандай порттар пайдаланылады?",
    "variant": "546 (клиент) және 547 (сервер)"
  },
  {
    "question": "SLAAC кезінде DAD процесі қандай әрекетті қамтиды?",
    "variant": "Жаңа мекенжай үшін NS мәнін жіберіп бірегейлікті тексеру"
  },
  {
    "question": "VRRP-де максималды приоритет мәні қандай?",
    "variant": "255"
  },
  {
    "question": "Қай FHRP хаттамасы MAC-мекенжайды 0000.5E00.01xx-пен қолданады?",
    "variant": "VRRP"
  },
  {
    "question": "FHRP-дегі preempt мәні нені білдіреді?",
    "variant": "Жоғарыры приоритетті роутер басты роутер болуы"
  },
  {
    "question": "GLBP ішіндегі виртуалды маршрутизаторлардың максималды саны шамамен қанша?",
    "variant": "1024"
  },
  {
    "question": "GLBP-де қандай жүктеме теңгерімі әдістерінің бірі жиі қолданылады?",
    "variant": "Round Robin"
  },
  {
    "question": "Active router-ды приоритет бойынша таңдайтын хаттамалар қайсысы?",
    "variant": "Барлығы"
  },
  {
    "question": "HSRP топтамасында әдетте қанша standby маршрутизатор болады (жұмыс үлгісі)?",
    "variant": "1"
  },
  {
    "question": "802.x стандарттарының қайсысы порт деңгейінде аутентификацияны қамтамасыз етеді?",
    "variant": "802.1X"
  },
  {
    "question": "802.1X аутентификация кезінде аутентификация серверіне қандай ақпарат жіберілуі мүмкін?",
    "variant": "Пайдаланушының есептік жазбасы"
  },
  {
    "question": "AAA модельінде Authentication қызметінің негізгі рөлі қандай?",
    "variant": "Пайдаланушының немесе құрылғының түпнұсқалығын растау"
  },
  {
    "question": "AAA жүйесіндегі Authorization қызметі не істейді?",
    "variant": "Пайдаланушының рұқсаттарын реттейді"
  },
  {
    "question": "VPN-дер үшін трафикті аутентификациялау және шифрлау қай протокол арқылы жиі орындалады?",
    "variant": "IPsec"
  },
  {
    "question": "802.1X жұмыс істеуі үшін не қажет?",
    "variant": "802.1X-ті қолдайтын аутентификация сервері"
  },
  {
    "question": "Ethernet желісінде орталықтандырылған аутентификация стандартты түрде қандай протокол арқылы жүзеге асады?",
    "variant": "802.1X"
  },
  {
    "question": "Root Guard функциясы неге қарсы қорғайды?",
    "variant": "Кездейсоқ немесе зиянды байланыстың root bridge болуын болдырмау"
  },
  {
    "question": "Private VLAN (PVLAN) не үшін қолданылады?",
    "variant": "Бір VLAN ішіндегі хосттарды оқшаулау"
  },
  {
    "question": "Dynamic ARP Inspection (DAI) неге қарсы қорғайды?",
    "variant": "ARP spoofing"
  },
  {
    "question": "Sticky MAC функциясы не істейді?",
    "variant": "Белгілі бір MAC мекенжайды портқа «жабыстыру»"
  },
  {
    "question": "IP Source Guard қай жерде қосылуы ұсынылады?",
    "variant": "Шекаралық порттарда"
  },
  {
    "question": "MAC ACL қандай мақсатта қолданылады?",
    "variant": "MAC-мекенжайларға негізделген трафикті сүзу"
  },
  {
    "question": "BPDU Filter қосылғанда портта не болуы мүмкін?",
    "variant": "BPDU-пакеттер еленбейді"
  },
  {
    "question": "WLAN қорғанысында қандай әдіс ең тиімді?",
    "variant": "WPA3 пайдалану"
  },
  {
    "question": "WPA3 аутентификациясында қандай механизм қолданылады?",
    "variant": "SAE"
  },
  {
    "question": "WLAN үшін ең қауіпсіз шифрлаудың қайсысы саналады?",
    "variant": "AES"
  },
  {
    "question": "WLAN-де DHCP не істейді?",
    "variant": "IP-мекенжайларды тағайындайды"
  },
  {
    "question": "MIMO-ны қай стандарт енгізді?",
    "variant": "IEEE 802.11n"
  },
  {
    "question": "Wi-Fi сигнал диапазонын не анықтайды?",
    "variant": "Таратқыштың жиілігі"
  },
  {
    "question": "SSID не білдіреді Wi-Fi желісінде?",
    "variant": "Желінің аты"
  },
  {
    "question": "WLC-да WPA2 Enterprise орнату үшін қандай компонент міндетті?",
    "variant": "RADIUS сервері"
  },
  {
    "question": "WLC арқылы жартылай деректерді беру параметрін (RF) баптау үшін қандай параметр көрсетіледі?",
    "variant": "Арна және берілу қуаты"
  },
  {
    "question": "WLC-де Access Point үшін әдетте қандай жұмыс режимі қолданылады?",
    "variant": "Контроллер арқылы басқару режимі"
  },
  {
    "question": "WLC қалай Access Point-тарды және олардың трафигін басқарады?",
    "variant": "Орталықтандырылған конфигурация арқылы"
  },
  {
    "question": "WLC-дің жоғары қолжетімділігін қалай ұйымдастыруға болады?",
    "variant": "Екі WLC орнатып, High Availability конфигурациясын баптау"
  },
  {
    "question": "Access Point WLC-ге қосыла алмаса не істейді?",
    "variant": "Ол офлайн режимде алдын-ала орнатылған конфигурациямен жұмыс істейді"
  },
  {
    "question": "WPA2 Enterprise желі үшін WLC-да қандай сервер қажет?",
    "variant": "RADIUS сервері"
  },
  {
    "question": "Қай маршруттау хаттамасы бірнеше критерийлер (метрикалар) негізінде ең жақсы жолды таңдайды?",
    "variant": "EIGRP"
  },
  {
    "question": "OSPF үшін қандай IP порт (немесе протокол нөмірі) пайдаланылады?",
    "variant": "Протокол 89 (OSPF)"
  },
  {
    "question": "NAT не істейді?",
    "variant": "Жергілікті IP мекенжайларды жалпыға ортақ мекенжайларға түрлендіреді"
  },
  {
    "question": "RIP протоколындағы hop count максимумы қанша?",
    "variant": "15"
  },
  {
    "question": "Маршрутизатор бірнеше жолды бір мақсатқа қолданғанда қандай механизм қолданылады?",
    "variant": "Жүктемені теңестіру"
  },
  {
    "question": "Динамикалық және статикалық маршруттауды бірге қолдану қандай түрге жатады?",
    "variant": "Гибридті маршруттау"
  },
  {
    "question": "BGP циклдерді немесе маршрут айналып өтуін болдырмауға қандай механизм қолданады?",
    "variant": "AS-Path тізбегі"
  },
  {
    "question": "Статикалық хост маршруты дегеніміз не?",
    "variant": "Белгілі бір IP адреске бір жол көрсететін маршрут"
  },
  {
    "question": "Хост маршрутқа арналған маска қандай болады?",
    "variant": "255.255.255.255 (/32)"
  },
  {
    "question": "Көрсетілген сызбаға назар аударыңыз. Host A, Host B құрылғысына пакет жіберді. Пакет Host B-ге келген кезде оның Source MAC және Source IP мекенжайлары қандай болады?",
    "variant": "Source MAC: 00E0.FE91.7799 | Source IP: 10.1.1.10"
  },
  {
    "question": "Қай нұсқа дұрыс бапталған IPv4 default static route-ты көрсетеді?",
    "variant": "ip route 0.0.0.0 0.0.0.0 S0/0/0"
  },
  {
    "question": "Администратор коммутатордан конфигурацияларды өшіруге тырысуда. erase startup-config командасын қолданғаннан кейін коммутаторды қайта жүктегенде, VLAN 10 және 100 әлі де коммутаторда бар екенін байқайды. Бұл VLAN-дар неге жойылмады?",
    "variant": "Бұл VLAN-дар flash жадыда орналасқан vlan.dat файлына сақталған, бұл файлды қолмен өшіру қажет."
  },
  {
    "question": "Көрсетілген сызбаға назар аударыңыз. IPv6 мекенжайы 2001:DB8:ACAD:E:240:BFF:FED4:9DD2 бағытталатын пакет үшін қолданылатын metric мәні қандай?",
    "variant": "2682112"
  },
  {
    "question": "Көрсетілген көрініске назар аударыңыз. Желілік администратор желіде inter-VLAN routing баптауда. Қазір тек бір VLAN қолданылып жатыр, бірақ жақында басқалары қосылады. Графикада белгіленген сұрақ белгісі ретінде көрсетілген жетіспейтін параметр қандай?",
    "variant": "Бұл VLAN нөмірін анықтайды."
  },
  {
    "question": "Көрсетілген көрініске назар аударыңыз. 10.10.0.0/16 және 10.20.0.0/16 желілеріне бағыттайтын static routes-пен қатар, Router HQ келесі командамен бапталған: ip route 0.0.0.0 0.0.0.0 serial 0/1/1",
    "variant": "Мақсат желісі 10.10.0.0/16 немесе 10.20.0.0/16 емес, сондай-ақ тікелей қосылған желіге жатпайтын пакеттер Интернетке жіберіледі."
  },
  {
    "question": "Егер Cisco Express Forwarding өшірілген болса, маршрутизатор static routing-ті қалай өзгеше өңдейді?",
    "variant": "Ethernet multiaccess интерфейстерінде маршрутизация сәйкессіздіктерін болдырмау үшін толық анықталған static routes қажет болады."
  },
  {
    "question": "Көрсетілген көрініске назар аударыңыз. Егер SW1 коммутаторындағы MAC address кестесі бос болса, PCA-дан шыққан frame PCC-ге қалай жеткізіледі?",
    "variant": "SW1 frame-ді өзіндегі барлық порттарға жібереді, тек frame кірген портты қоспағанда."
  },
  {
    "question": "Көрсетілген көрініске назар аударыңыз. R1 келесідей бапталған. Дегенмен, PC1 IPv4 мекенжайын ала алмай отыр. Мәселе неде?",
    "variant": "ip helper-address командасы қате интерфейсте қолданылған."
  },
  {
    "question": "Көрсетілген диаграммаға сүйене отырып, жұмыс станциясынан әдепкі шлюзге (default gateway) фреймдер жіберілгенде қандай MAC мекенжайы қолданылады?",
    "variant": "Виртуалды маршрутизатордың MAC мекенжайы"
  },
  {
    "question": "Желілік администратор өндірістік желіде Rapid PVST+ баптауға дайындық жасауда. Switch интерфейстеріндегі Rapid PVST+ link түрлері қалай анықталады?",
    "variant": "Link түрлері автоматты түрде анықталады."
  },
  {
    "question": "Көрсетілген көрініске назар аударыңыз. R1-де R2-ге қосылған LAN-ға трафикті бағыттау үшін қандай static route командасы енгізілуі мүмкін?",
    "variant": "ipv6 route 2001:db8:12:10::/64 S0/0/1 fe80::2"
  },
  {
    "question": "Қандай wireless authentication әдісі RADIUS authentication server-ге тәуелді?",
    "variant": "WPA2 Enterprise"
  },
  {
    "question": "Қандай wireless encryption әдісі ең қауіпсіз болып табылады?",
    "variant": "WPA2 және AES"
  },
  {
    "question": "Желілік инженер жаңа енгізілген және соңғы 802.11 стандарттарын қолданатын wireless желіні ақау іздеуде. Пайдаланушылар жоғары өткізу қабілеті бар қызметтерге, мысалы streaming video-ға қосылғанда, желінің өнімділігі төмен. Өнімділікті жақсарту үшін инженер 5 GHz жиілік диапазоны бар SSID баптап, пайдаланушыларды сол SSID арқылы мультимедиа қызметтерін қолдануға үйретуді шешеді. Бұл шешім неге сол қызметтер үшін wireless желінің өнімділігін жақсарта алады?",
    "variant": "5 GHz диапазоны 2.4 GHz диапазонына қарағанда артық каналдармен және аз тығыздықпен қамтамасыз етілген, сондықтан мультимедиа стримингке қолайлы."
  },
  {
    "question": "Қандай команда екі физикалық интерфейсті LACP арқылы EtherChannel тобына біріктіру процесін бастайды?",
    "variant": "interface range GigabitEthernet 0/4 – 5"
  },
  {
    "question": "Көрсетілген көрініске назар аударыңыз. Root bridge election процесі аяқталғаннан кейін қай trunk link ешқандай трафик өткізбейді?",
    "variant": "Trunk2"
  },
  {
    "question": "AAA процесінде authorization қашан жүзеге асырылады?",
    "variant": "AAA дереккөзге сәтті authentication жасалғаннан кейін дереу"
  },
  {
    "question": "Егер DHCPv4 клиенті бірнеше DHCP серверінен бірнеше DHCPOFFER алса, қандай әрекет жасайды?",
    "variant": "Клиент қай lease ұсынысты қабылдап отырғанын көрсететін DHCPREQUEST жібереді."
  },
  {
    "question": "IPv6 prefix тағайындау әдістерінің қайсысы RA хабарламаларында көрсетілген prefix-ке сүйенеді?",
    "variant": "SLAAC"
  },
  {
    "question": "SVI арқылы интер-VLAN маршрутизация әдісін дұрыс сипаттайтын сөйлем қайсы?",
    "variant": "Әр VLAN үшін SVI қажет."
  },
  {
    "question": "Көп VLAN-дар арасындағы трафик multilayer коммутаторда қалай маршрутизацияланады?",
    "variant": "Ішкі VLAN интерфейстері арқылы (internal VLAN interfaces / SVI)"
  },
  {
    "question": "Router-on-a-stick интер-VLAN маршрутизациясын орындау үшін не қажет?",
    "variant": "Көп субинтерфейстері бар роутер"
  },
  {
    "question": "PortFast конфигурацияланған кезде коммутатор порттары дереу қандай күйге өтеді?",
    "variant": "Forwarding"
  },
  {
    "question": "Root bridge сайлау аяқталғаннан кейін коммутатортер root bridge-ке ең жақсы жолды қалай табады?",
    "variant": "Әр коммутатор root-ке жету үшін барлық порт шығындарының (port cost) қосындысын талдап, ең төмен шығынды жолды пайдаланады."
  },
  {
    "question": "Dynamic Trunking Protocol (DTP) функциясын өшіру нәтижесінде қай шабуылдың алдын алуға болады?",
    "variant": "VLAN hopping"
  },
  {
    "question": "Коммутатор router-ге жалғанатын uplink интерфейсінде DAI конфигурациясы үшін қай команда қолданылады?",
    "variant": "ip arp inspection trust"
  },
  {
    "question": "Port-Security sticky режимінде динамикалық түрде алынған MAC мекенжайлар қайда сақталады?",
    "variant": "RAM"
  },
  {
    "question": "Ілмектердің кенеттен пайда болуын болдырмау STP көмегімен жүзеге асырылады:",
    "variant": "Loop Guard"
  },
  {
    "question": "Желідегі түбірлік көпірді таңдау критерийі:",
    "variant": "BID"
  },
  {
    "question": "Егер коммутатор портынан негізгі көпірге (root bridge) жету үшін басқа төмен шығынды порт болмаса, сол порт қандай STP рөлін қабылдайды?",
    "variant": "Designated port"
  },
  {
    "question": "BPDU Guard алған кезде порт реакцисы:",
    "variant": "Порт ажыратылады"
  },
  {
    "question": "Spanning Tree (STP) ақауын түзетудің бір жолы қандай?",
    "variant": "Желідегі артық байланыстарды қолмен алып тастау"
  },
  {
    "question": "EtherChannel технологиясы туралы қай мәлімдеме дұрыс?",
    "variant": "EtherChannel қолданыстағы коммутатор порттарын пайдаланады"
  },
  {
    "question": "EtherChannel немесе LACP конфигурациясы бар интерфейсте LACP процессін қайта іске қосу үшін қандай команда қолданылады?",
    "variant": "clear lacp 1 counters"
  },
  {
    "question": "LACP протоколы бойынша порт агрегациясына қатыса алмайтын порт статусы қандай?",
    "variant": "Individual"
  },
  {
    "question": "PAgP (Port Aggregation Protocol) арнасы конфигурациясында қай порт бірінші келіссөзді бастайтынын анықтайтын параметр қандай?",
    "variant": "Desirable / Auto"
  },
  {
    "question": "Егер желі әкімшісі EtherChannel топтамасына кіретін портты сол топтамадағы басқа порттардан басқа VLAN-ға қойса, не болады?",
    "variant": "EtherChannel жұмысын тоқтатады"
  },
  {
    "question": "EtherChannel үшін жүктемені теңестіру статистикасын тексеруге арналған команда қандай?",
    "variant": "show etherchannel load-balance"
  },
  {
    "question": "Қандай параметр LACP басымдық тең болған жағдайда белсенді портты таңдауға әсер етеді ?",
    "variant": "Порт нөмірі"
  },
  {
    "question": "Төмендегі параметрлердің қайсысы клиентке келесі арқылы берілуі мүмкін DHCP?",
    "variant": "IP-клиенттің мекенжайы"
  },
  {
    "question": "IP мекенжайының ағымдағы жалдау мерзімі аяқталған кезде клиентке жаңа мекенжай алуға көмектесетін процесс қандай?",
    "variant": "DHCP Renew"
  },
  {
    "question": "DHCP клиенті IP мекенжайының жалдау мерзімін ұзарту үшін қандай әрекет жасау керек?",
    "variant": "DHCPREQUEST жауабын жіберу"
  },
  {
    "question": "Жалға алу процесінде IP-мекенжайлары DHCP клиенттің сұрауына жауап ретінде қандай пакет жіберіледі?",
    "variant": "DHCP Ack"
  },
  {
    "question": "Клиент қашан DHCP серверіне DHCP Release пакетін жіберуі мүмкін?",
    "variant": "Ол желіден шыққан кезде"
  },
  {
    "question": "DHCP мультикаст сұранымдары үшін қандай IP мекенжайлары қолданылуы мүмкін?",
    "variant": "224.0.0.0 - 239.255.255.255 аралығындағы мекенжайлар"
  },
  {
    "question": "Егер DHCP клиенті өзінің сұрауына жауап алмай жатса, не болады?",
    "variant": "Ол қайталап көреді"
  },
  {
    "question": "Хабарламаның қандай түрі NDP маршрутизаторларды анықтау үшін пайдаланылады?",
    "variant": "Router Solicitation (RS)"
  },
  {
    "question": "IPv6 интерфейсінде бірнеше жаһандық мекенжайларды пайдалануға мүмкіндік беретін механизм қандай?",
    "variant": "Privacy Extensions"
  },
  {
    "question": "RA (Router Advertisement) хабарламасында маршрутизатордың әдепкі шлюз екенін көрсететін ту (flag) қандай?",
    "variant": "Router Lifetime > 0"
  },
  {
    "question": "Қандай типтегі DHCPv6 серверлері клиенттерге IP мекенжайларын бөледі?",
    "variant": "Stateful DHCPv6"
  },
  {
    "question": "DHCPv6-де IP мекенжайының жалдау мерзімін көрсететін параметр қандай?",
    "variant": "IA_NA (Non-temporary Address)"
  },
  {
    "question": "SLAAC құпиялылық механизмі (RFC 4941) дегеніміз не?",
    "variant": "Орнына уақытша мекен-жайларды"
  },
  {
    "question": "Link-local мекенжайларды пайдаланып қандай типтегі маршруттау қолданылады?",
    "variant": "Бағытталатын емес"
  },
  {
    "question": "HSRP-де белсенді (active) маршрутизатор істен шыққан кезде не болады?",
    "variant": "Standby белсенді болады"
  },
  {
    "question": "VRRP-де В тобын сәйкестендіргіш қандай?",
    "variant": "1–255"
  },
  {
    "question": "HSRP Hello-хабарламалары үшін TTL мөлшері:",
    "variant": "255"
  },
  {
    "question": "GLBP-де салмақты қайта есептеуді қандай таймер басқарады?",
    "variant": "Weight Timer"
  },
  {
    "question": "FHRP негізгі мақсат:",
    "variant": "Істен шығуға төзімділікті қамтамасыз ету"
  },
  {
    "question": "HSRP-де қауіпсіз авторизацияны қамтамасыз ететін режим қандай?",
    "variant": "MD5"
  },
  {
    "question": "Әдепкі бойынша HSRP таймерінің ең кіші мәні",
    "variant": "Hello Timer"
  },
  {
    "question": "SLAAC қолданатын IPv6 қосылған хост әдепкі шлюздің мекенжайын қалай біледі?",
    "variant": "Сілтеме маршрутизатордан (link router) алынған Router Advertisement хабарламалары арқылы"
  },
  {
    "question": "802.1X контекстінде RADIUS хаттамасының қандай функциясы бар?",
    "variant": "Клиенттер мен сервер арасында аутентификация сұрауларын жіберу."
  },
  {
    "question": "Егер авторизация сервері 802 сұрауына жауап бермесе, орын алатын әрекет",
    "variant": "Желіге кіруге тыйым салынады және құрылғы қосылмайды."
  },
  {
    "question": "Pv6 хосты DHCPv6 серверін табу үшін SOLICIT хабарламасын жібергенде, қандай мақсатты IP мекенжайын қолданады?",
    "variant": "FF02::2"
  },
  {
    "question": "802 арқылы аутентификация қатесі кезіндегі жүйелік әрекеттер",
    "variant": "Жүйе желіге кіруге тыйым салып, құрылғының портын блоктайды."
  },
  {
    "question": "TACACS+ сервері құрылғыны авторизациялау процесінде қандай ақпаратты жібере алады?",
    "variant": "Ресурстарға қол жеткізу саясаты және қауіпсіздікті орнату."
  },
  {
    "question": "802.1X протоколының жұмысының негізгі қағидасы қандай?",
    "variant": "Рұқсат бермес бұрын құрылғының түпнұсқалығын тексеру."
  },
  {
    "question": "Жүктелгеннен кейін клиент ICMPv6 RA хабарламасын алады, онда M туы 0-ге, ал O туы 1-ге қойылған. Бұл нені білдіреді?",
    "variant": "Клиент IPv6 мекенжайын тікелей DHCPv6 серверінен сұрауы керек"
  },
  {
    "question": "BPDU Guard функциясы портты қашан өшіреді?",
    "variant": "Портта BPDU пакеттері қабылданған кезде"
  },
  {
    "question": "Control Plane Policing (CoPP) не үшін қолданылады:",
    "variant": "Коммутатордың процессорына түсетін трафикті шектеу"
  },
  {
    "question": "IP Source Guard функциясын портта қосу үшін не қажет?",
    "variant": "DHCP Snooping белсенді болуы керек"
  },
  {
    "question": "Типтік Man-in-the-Middle шабуылдарынан жергілікті желіде қорғау әдістері мыналарға негізделген:",
    "variant": "Dynamic ARP Inspection және IP Source Guard"
  },
  {
    "question": "PortFast функциясын қосу портта қай процесті жылдамдатады?",
    "variant": "Порттың Forwarding күйіне көшуін"
  },
  {
    "question": "DHCP Snooping болмаған жағдайда қаскүнем не істей алады?",
    "variant": "Клиенттерге жалған IP-мекенжайларды тарата алады"
  },
  {
    "question": "WLAN желісінде қауіпсіз аутентификация үшін қандай хаттама пайдаланылады?",
    "variant": "802.1X"
  },
  {
    "question": "BSSID деген не?",
    "variant": "Access Point MAC-мекенжайы"
  },
  {
    "question": "Wi-Fi желісінде құрылғыларға Access Point-сыз қосылуға мүмкіндік беретін жұмыс тәртібі қайсы?",
    "variant": "Ad-hoc"
  },
  {
    "question": "Wi-Fi желісінде бір мезгілде қосылатын құрылғылар санына қай параметр әсер етеді?",
    "variant": "Access Point өткізу қабілеттілігі"
  },
  {
    "question": "WLAN желісінде роуминг функциясы не істейді?",
    "variant": "Қосылымды үзбей Access Point-тар арасында ауыстырады"
  },
  {
    "question": "5 ГГц жиілік диапазонын бірінші болып қолдаған Wi-Fi стандарты қайсы?",
    "variant": "IEEE 802.11a"
  },
  {
    "question": "WPA2 Enterprise желісінің қауіпсіздігін қамтамасыз ету үшін аутентификацияның қандай түрі қолданылады?",
    "variant": "802.1X"
  },
  {
    "question": "WPA2-Enterprise үшін RADIUS сервері дұрыс конфигурацияланған кезде не болады?",
    "variant": "Құрылғылар аутентификациядан өтеді және желіге қол жеткізе алады"
  },
  {
    "question": "WPA2-Enterprise режимінде пайдаланушылардың дұрыс аутентификациясын баптау үшін не істеу қажет?",
    "variant": "Серверге RADIUS орнату"
  },
  {
    "question": "WPA2-Enterprise режимінде пайдаланушылардың есептік деректерін тексеру үшін қандай сервер қолданылады?",
    "variant": "RADIUS-сервер"
  },
  {
    "question": "WPA2-Enterprise хаттамасында аутентификацияның қандай механизмі қолданылады?",
    "variant": "802.1X"
  },
  {
    "question": "WPA2-Enterprise үшін RADIUS серверлерін пайдалану параметрлерін WLC-де қалай конфигурациялауға болады?",
    "variant": "Security бөлімінде RADIUS серверлерінің IP-мекенжайларын көрсету"
  },
  {
    "question": "WPA2-Enterprise үшін RADIUS аутентификация процесінде сервердегі сертификат қандай рөл атқарады?",
    "variant": "Сервер мен клиент арасында деректердің қауіпсіз тасымалдану"
  },
  {
    "question": "Маршруттарды қорғау үшін OSPF қандай аутентификация түрлерін қолдайды?",
    "variant": "MD5"
  },
  {
    "question": "OSPF хаттамасында маршруттың әкімшілік қашықтығын қандай параметр анықтайды?",
    "variant": "110"
  },
  {
    "question": "Пакеттер хосттар қатысуынсыз аралық түйіндер арқылы берілетін маршруттау техникасы қалай аталады?",
    "variant": "Транзиттік маршруттау"
  },
  {
    "question": "IPv6 желіде маршруттау үшін қандай хаттама қолданылады?",
    "variant": "OSPFv3"
  },
  {
    "question": "BGP-де жалған бағыттар мен AS-нөмірлерден қорғану үшін қандай механизм қолданылады?",
    "variant": "RPKI"
  },
  {
    "question": "Ethernet стандартты кадрларда jumbo frames қолданбай ең үлкен MTU қандай болуы мүмкін?",
    "variant": "1500 байт"
  },
  {
    "question": "0 көрсеткіші әдепкі маршрут үшін нені білдіреді?",
    "variant": "Максималды басымдық"
  },
  {
    "question": "Статикалық маршруттармен қандай хаттаманы бөлісуге болады?",
    "variant": "BGP"
  },
  {
    "question": "Статикалық маршруттауды орнатуды қалай тездетуге болады?",
    "variant": "Конфигурация үлгілерін пайдалану"
  },
  {
    "question": "Layer 2 switch frame-ді бағыттау туралы қай мәлімдеме дұрыс?",
    "variant": "Frame бағыттау шешімдері CAM кестесіндегі MAC address және порт сәйкестендірулеріне негізделеді."
  },
  {
    "question": "Маршруттау контекстінде ECMP термині нені білдіреді?",
    "variant": "Equal-Cost Multi-Path"
  },
  {
    "question": "Компания жаңа ISP-ге ауысқаннан кейін интернетке қосыла алмай отыр. Нені тексеру қажет?",
    "variant": "Ескі default route компания edge router-ларынан өшірілгенін тексеру."
  }
]
