[
  {
    "question": "Choose the correct verb form: My sister and I _______ German.",
    "variant": "Don‟t speak"
  },
  {
    "question": "Choose the correct variant: Ann‟s very ________. She offered to do the washing up after the meal.",
    "variant": "Generous"
  },
  {
    "question": "Choose the correct variant: I hate being cold. I find it really _________.",
    "variant": "Depressing"
  },
  {
    "question": "Choose the correct variant: _______ there is no pool, there is a garden.",
    "variant": "Although"
  },
  {
    "question": "Choose the correct question sentence.",
    "variant": "Can you play a musical instrument?"
  },
  {
    "question": "Choose the correct question sentence.",
    "variant": "Is there a supermarket near here?"
  },
  {
    "question": "Choose the correct variant: School year begins _____ the 1st of September.",
    "variant": "On"
  },
  {
    "question": "Choose the correct variant: Mary never does any work! She‟s very ___________.",
    "variant": "Lazy"
  },
  {
    "question": "Choose the correct word: Antonio is ___________ because he doesn‟t do any exercise.",
    "variant": "Overweight"
  },
  {
    "question": "Choose the sentence with the correct word order: is Lily now what doing?",
    "variant": "What is Lily doing now?"
  },
  {
    "question": "Choose the correct variant: Jamie doesn‟t have any hair. He‟s ___________.",
    "variant": "Bald"
  },
  {
    "question": "Choose the correct word: David makes me laugh. He‟s really __________.",
    "variant": "Funny"
  },
  {
    "question": "Choose the sentence with the correct word order: wearing are they why tracksuits?",
    "variant": "Why are they wearing tracksuits?"
  },
  {
    "question": "Choose the correct word: I need _______ to drink.",
    "variant": "Something"
  },
  {
    "question": "Choose the correct word: Did you meet _______ interesting at the party?",
    "variant": "Anybody"
  },
  {
    "question": "Choose the correct word: There is _______ in my bag. It‟s completely empty.",
    "variant": "Nothing"
  },
  {
    "question": "Choose the correct word: Let‟s go _______ nice for dinner tonight.",
    "variant": "Somewhere"
  },
  {
    "question": "Choose the correct word: I can‟t find my keys _______.",
    "variant": "Anywhere"
  },
  {
    "question": "Choose the correct word: _______ called you while you were out.",
    "variant": "Somebody"
  },
  {
    "question": "Choose the correct word: I‟m bored. There‟s _______ to do here.",
    "variant": "Nothing"
  },
  {
    "question": "Choose the correct word: Don‟t go _______ without telling me.",
    "variant": "Anywhere"
  },
  {
    "question": "Choose the antonym of the following word: Stupid",
    "variant": "Intelligent"
  },
  {
    "question": "Choose the antonym of the following word: Talkative",
    "variant": "Quiet"
  },
  {
    "question": "Choose the antonym of the following word: Mean",
    "variant": "Generous"
  },
  {
    "question": "Choose the correct word: Today the weather is sunny and hot, so he‟s wearing _______.",
    "variant": "A T-shirt"
  },
  {
    "question": "Choose the correct variant: It _______________ when I went to bed.",
    "variant": "Was snowing"
  },
  {
    "question": "Choose the correct variant: That‟s the gallery _______ had Leonardo da Vinci exhibition.",
    "variant": "Which"
  },
  {
    "question": "Choose the correct variant: Is that the bus _________ goes to the airport?",
    "variant": "Which"
  },
  {
    "question": "Choose the correct variant: She‟s the woman ______ everyone is talking about.",
    "variant": "Who"
  },
  {
    "question": "Choose the correct variant: Bolivia is a country ______I lived as a child.",
    "variant": "Where"
  },
  {
    "question": "Choose the correct variant: Is there anyone ______ can speak Spanish in your class?",
    "variant": "Who"
  },
  {
    "question": "Choose the correct variant: Slim is ______ thin, but it‟s politer.",
    "variant": "Like"
  },
  {
    "question": "Choose the correct variant: It‟s the… job he has ever done.",
    "variant": "Worst"
  },
  {
    "question": "Choose the correct variant: ________.snow yesterday?",
    "variant": "Was it"
  },
  {
    "question": "Choose the correct variant: ______ for a walk.",
    "variant": "Go"
  },
  {
    "question": "Choose the correct variant: I‟m not going _______holiday this weekend.",
    "variant": "On"
  },
  {
    "question": "Choose the correct variant: Ann _________ some wine when she went to Italy.",
    "variant": "Bought"
  },
  {
    "question": "Choose the correct variant: A thing which you wear on your hands in winter.",
    "variant": "Gloves"
  },
  {
    "question": "Choose the correct variant: Pieces of jewelry.",
    "variant": "Ring, necklace, bracelet"
  },
  {
    "question": "Choose the correct variant: Things you wear to do sport.",
    "variant": "Trainers, shorts, T-shirt"
  },
  {
    "question": "Choose the correct variant: Things you can wear if you're cold",
    "variant": "Sweater, cardigan, coat"
  },
  {
    "question": "Choose the correct variant: Things you wear on your feet",
    "variant": "Sandals, boots, socks"
  },
  {
    "question": "Choose the correct preposition: I was born ______ 25th October.",
    "variant": "On"
  },
  {
    "question": "Choose the correct preposition: The children are playing ___________ the park.",
    "variant": "In"
  },
  {
    "question": "Choose the correct preposition: My English classes are _______ Tuesdays and Thursdays.",
    "variant": "On"
  },
  {
    "question": "Choose the correct preposition: We usually go away _______ Christmas.",
    "variant": "At"
  },
  {
    "question": "Choose the correct preposition: I completely agree _______ you.",
    "variant": "With"
  },
  {
    "question": "Choose the correct preposition: It's your birthday. I'll pay ________ the dinner tonight.",
    "variant": "For"
  },
  {
    "question": "Choose the correct preposition: I can't think _________ anything at the moment!",
    "variant": "About"
  },
  {
    "question": "Choose the correct preposition: How often do you speak ______ your sister on Skype?",
    "variant": "To"
  },
  {
    "question": "Choose the correct variant: Mary _______ a key when she was cleaning her car.",
    "variant": "Found"
  },
  {
    "question": "Choose the correct variant: My brother and sister _____ playing tennis at 11am yesterday.",
    "variant": "Were"
  },
  {
    "question": "Choose the correct variant: _____ you still working at 7pm last night?",
    "variant": "Were"
  },
  {
    "question": "Choose the correct variant: At 8.30 am today I _____ driving to work.",
    "variant": "Was"
  },
  {
    "question": "Choose the correct variant: We _____ sleeping when the police came.",
    "variant": "Were"
  },
  {
    "question": "Choose the correct variant: They ________ TV when I arrived.",
    "variant": "Were watching"
  },
  {
    "question": "Choose the correct variant: I was reading a detective story _____ I heard a noise.",
    "variant": "When"
  },
  {
    "question": "Choose the correct variant: What __________ last Saturday?",
    "variant": "Did they buy"
  },
  {
    "question": "Choose the correct variant: What _______________ when your mother came back home?",
    "variant": "Were you doing"
  },
  {
    "question": "Choose the correct variant: My parents _____________ in 1970",
    "variant": "Got married"
  },
  {
    "question": "Choose the correct variant: His mobile ___________when he_________ home.",
    "variant": "Rang / was driving"
  },
  {
    "question": "Choose the correct variant: _________ I worked hard, I didn‟t pass the test.",
    "variant": "Although"
  },
  {
    "question": "Choose the correct variant: The weather was awful, ________we didn't go out.",
    "variant": "So"
  },
  {
    "question": "Choose the correct variant: I didn't give him my phone number ________I didn't want him to call me.",
    "variant": "Because"
  },
  {
    "question": "Choose the correct variant: They didn't want to dance, ________ they left the club early.",
    "variant": "So"
  },
  {
    "question": "Choose the correct variant: He's an intelligent student, __________ he's very lazy.",
    "variant": "Although"
  },
  {
    "question": "Choose the correct variant: My parents _________ to stay with us next week.",
    "variant": "Are coming"
  },
  {
    "question": "Choose the correct variant: I _____________ a funny letter now.",
    "variant": "Am writing"
  },
  {
    "question": "Choose the correct variant: Mike _________ German. Don‟t bother him.",
    "variant": "Is learning"
  },
  {
    "question": "Choose the correct variant: I ______ on the phone with my friend Polly.",
    "variant": "Am talking"
  },
  {
    "question": "Choose the correct variant: What ___ you _____ now?",
    "variant": "Are / doing"
  },
  {
    "question": "Complete the sentence: She spends too __________ on shoes.",
    "variant": "Much money"
  },
  {
    "question": "Complete the sentence: How ___________ do you study each day?",
    "variant": "Many hours"
  },
  {
    "question": "Complete the sentence: We're buying _________ things for our new flat.",
    "variant": "A lot"
  },
  {
    "question": "Complete the sentence: He does ___________ housework every day.",
    "variant": "A lot"
  },
  {
    "question": "Complete the sentence: I couldn't finish the work because I didn't have _________.",
    "variant": "Enough time"
  },
  {
    "question": "Complete the sentence: We buy too__________ vegetables. We never eat them all!",
    "variant": "A lot of"
  },
  {
    "question": "Complete the sentence: Has your sister ______ the washing up yet?",
    "variant": "Done"
  },
  {
    "question": "Complete the sentence: His family _______ a lot of money on expensive holidays.",
    "variant": "Spends"
  },
  {
    "question": "Complete the sentence: I _______ to go out today. It‟s too cold.",
    "variant": "Don‟t want"
  },
  {
    "question": "Complete the sentence: Jacob doesn‟t want to work! He is so ______ .",
    "variant": "Lazy"
  },
  {
    "question": "Complete the sentence with the correct comparative form of the adjective. My house is _____ than my friend‟s house.",
    "variant": "Bigger"
  },
  {
    "question": "Complete the sentence with the correct comparative form of the adjective. This book is _____ than that one.",
    "variant": "More interesting"
  },
  {
    "question": "Complete the sentence with the correct comparative form of the adverb. He runs _____ than his brother.",
    "variant": "Faster"
  },
  {
    "question": "Complete the sentence with the correct comparative form of the adjective. Today is as _____ as yesterday.",
    "variant": "Cold"
  },
  {
    "question": "Complete the sentence with the correct comparative form of the adjective. This exercise is _____ difficult than the last one.",
    "variant": "Less"
  },
  {
    "question": "Complete the sentence with the correct form.  She‟s not _____ tall as her sister.",
    "variant": "So"
  },
  {
    "question": "Complete the sentence with the correct comparative form of the adjective.  The red dress is _____ expensive than the blue one.",
    "variant": "More"
  },
  {
    "question": "Complete the sentence with the correct comparative form of the adverb.  He drives _____ than his friend.",
    "variant": "More carefully"
  },
  {
    "question": "Complete the sentence with the correct comparative forms of the adjectives.  My flat is _____ but _____ comfortable than my neighbour‟s flat.",
    "variant": "Smaller / more"
  },
  {
    "question": "Complete the sentence with the correct comparative form of the adverb.  She speaks English _____ than her classmates.",
    "variant": "More fluently"
  },
  {
    "question": "Choose the opposite: Tall",
    "variant": "Short"
  },
  {
    "question": "Choose the correct word: She has _______ hair.",
    "variant": "Curly"
  },
  {
    "question": "Choose the correct adjective to complete the sentence: He‟s very _______ and handsome.",
    "variant": "Tall"
  },
  {
    "question": "Choose the opposite: Beautiful",
    "variant": "Ugly"
  },
  {
    "question": "Choose the correct description: He has no hair.",
    "variant": "He‟s bald."
  },
  {
    "question": "Choose the correct word: She has _______ eyes.",
    "variant": "Big blue"
  },
  {
    "question": "Complete the sentence with the correct preposition:  The picture is _______ the bed on the wall.",
    "variant": "Above"
  },
  {
    "question": "Complete the sentence with the correct preposition:  The cat is hiding _______ the sofa. You can‟t see it.",
    "variant": "Behind"
  },
  {
    "question": "Complete the sentence with the correct preposition:  The bank is _______ the post office and the supermarket on Main Street.",
    "variant": "Between"
  },
  {
    "question": "Complete the sentence with the correct preposition:  There‟s a mirror _______ the wall in the bathroom.",
    "variant": "On"
  },
  {
    "question": "Complete the sentence with the correct preposition: The children are playing _______ the garden now.",
    "variant": "In"
  },
  {
    "question": "Complete the sentence with the correct preposition:There‟s a car parked _______ the house, near the front door.",
    "variant": "In front of"
  },
  {
    "question": "Choose the correct sentence:",
    "variant": "They don‟t like coffee."
  },
  {
    "question": "Choose the correct sentence:",
    "variant": "He works in a bank."
  },
  {
    "question": "Choose the correct sentence:",
    "variant": "Do you live in the city or in the countryside?"
  },
  {
    "question": "Complete the sentence: Thanks for paying for dinner – that was very _______.",
    "variant": "Generous"
  },
  {
    "question": "Choose the sentence with the correct word order: are what studying you university at?",
    "variant": "What University are you studying at?"
  },
  {
    "question": "Complete the sentence: David is quite intelligent, but sometimes he says really ______ things",
    "variant": "Stupid"
  },
  {
    "question": "Choose the correct variant. A: _____ does Anthony go to work? B: _____ bus.",
    "variant": "How / by"
  },
  {
    "question": "Choose the correct variant. _____ London exciting?",
    "variant": "Is"
  },
  {
    "question": "Choose the correct variant. I like Tom, _____ I don‟t like his wife.",
    "variant": "But"
  },
  {
    "question": "Choose the correct sentence in Past Continuous and Past Simple:",
    "variant": "I was watching TV when my mother came home."
  },
  {
    "question": "Choose the correct sentence in Past Continuous and Past Simple:",
    "variant": "They were walking in the park when it started to rain."
  },
  {
    "question": "Choose the correct sentence in Past Continuous and Past Simple:",
    "variant": "He was driving to work when he saw an accident."
  },
  {
    "question": "Choose the correct variant: We _____ to stay in a villa in France this summer.",
    "variant": "Are going"
  },
  {
    "question": "Choose the correct variant: Careful! The glass is _____ fall.",
    "variant": "Going to"
  },
  {
    "question": "Choose the correct variant: We _____ to Merke this weekend.",
    "variant": "Are going"
  },
  {
    "question": "Choose the correct variant: Ainur and Assima _____ for lunch tomorrow.",
    "variant": "Are coming"
  },
  {
    "question": "Choose the correct variant: Alexandra is a ______ girl. She does well in her exams.",
    "variant": "Clever"
  },
  {
    "question": "Choose the correct variant: _____ do you weigh?",
    "variant": "How much"
  },
  {
    "question": "Complete the sentence with the correct preposition: There‟s a small table ______the living room.",
    "variant": "In the corner of"
  },
  {
    "question": "Complete the sentence with the correct preposition: There‟s a fountain _______ the square.",
    "variant": "In the middle of"
  },
  {
    "question": "Complete the sentence with the correct preposition: My school is _______ the library, so I can walk there in two minutes.",
    "variant": "Next to"
  },
  {
    "question": "Complete the sentence with the correct preposition:The shoes are _______ the bed on the floor.",
    "variant": "Under"
  },
  {
    "question": "Complete the sentence with the correct preposition: The TV is _______ the sofa when you look at the wall.",
    "variant": "On the left of"
  },
  {
    "question": "Choose the correct sentence:",
    "variant": "It‟s the best film I have ever seen."
  },
  {
    "question": "Choose the correct sentence:",
    "variant": "That‟s the most beautiful place I‟ve ever visited."
  },
  {
    "question": "Choose the correct sentence:",
    "variant": "It‟s the worst day I‟ve ever had."
  },
  {
    "question": "Choose the correct sentence:",
    "variant": "He‟s the most intelligent person I‟ve ever met."
  },
  {
    "question": "Choose the correct variant: I know our new neighbour _____.",
    "variant": "Well"
  },
  {
    "question": "Choose the correct adjective: My mother-in-law is a _____ cook.",
    "variant": "Bad"
  },
  {
    "question": "Choose the correct adjective: Everyone was very _____ about you.",
    "variant": "Worried"
  },
  {
    "question": "Choose the correct adjective: The game of volleyball was very _____.",
    "variant": "Interesting"
  },
  {
    "question": "Choose the correct sentence:",
    "variant": "I‟m going to visit my grandparents next weekend."
  },
  {
    "question": "Choose the correct sentence:",
    "variant": "Look at those clouds! It‟s going to rain."
  },
  {
    "question": "Choose the correct sentence:",
    "variant": "We‟re going to have a party on Friday."
  },
  {
    "question": "Choose the correct sentence:",
    "variant": "He‟s going to be a doctor when he finishes school."
  },
  {
    "question": "Choose the correct variant: Are you _____? Or is the book _____?",
    "variant": "Bored / interesting"
  },
  {
    "question": "Choose the correct variant: A: I am really _____ about my exam marks. B: Oh, no! You are sometimes so _____.",
    "variant": "Worried / tired"
  },
  {
    "question": "Choose the correct variant: I am _____ in the Kazakh Culture, because it is _____.",
    "variant": "Interested / exciting"
  },
  {
    "question": "Choose the correct variant: She paints _____; she is a _____ painter.",
    "variant": "Well / good"
  },
  {
    "question": "Choose the correct variant: When I _____ at the party, everyone _____ a good time.",
    "variant": "Arrived / were having"
  },
  {
    "question": "Choose the correct answer to the question: Which shop sells sport clothes:",
    "variant": "Nike"
  },
  {
    "question": "Choose the correct variant: If something doesn‟t fit you, you can _________ it.",
    "variant": "Take back"
  },
  {
    "question": "Choose the correct variant: A person who buys things in a shop.",
    "variant": "Customer"
  },
  {
    "question": "Choose the correct variant: I _____ to the news on the radio when the phone _____.",
    "variant": "Was listening / rang"
  },
  {
    "question": "Choose the correct variant: But when I _____ up the phone, there was no one there.",
    "variant": "Picked"
  },
  {
    "question": "Choose the correct variant: He‟s _____ older than he looks.",
    "variant": "More"
  },
  {
    "question": "Choose the correct variant: Jessica‟s as tall _____ her mother.",
    "variant": "As"
  },
  {
    "question": "Choose the correct variant: A: “What _____ your new group mate like?”. B: “He‟s really kind and funny!”",
    "variant": "Is"
  },
  {
    "question": "Choose the correct variant: Trains in London are more crowded _____ in Paris.",
    "variant": "Than"
  },
  {
    "question": "Choose the correct variant: Oxford is one of ___ oldest universities in Europe.",
    "variant": "The"
  },
  {
    "question": "Choose the correct answer to the question: What do we call it when we buy things on the Internet.",
    "variant": "Shopping online"
  },
  {
    "question": "Choose the correct variant: This is _____ than I expected.",
    "variant": "Harder"
  },
  {
    "question": "Choose the correct variant: Who is the _____ man in the world?",
    "variant": "Richest"
  },
  {
    "question": "Choose the correct variant: Everything is _____ in my country.",
    "variant": "Cheap"
  },
  {
    "question": "Choose the correct answer: A person who helps you in a shop and sells things.",
    "variant": "Shop assistant"
  },
  {
    "question": "Choose the correct variant: My dad‟s really ____. He always buys presents for everyone.",
    "variant": "Generous"
  },
  {
    "question": "Choose the correct variant: Before you can get a credit card, you have to provide a lot of _____details.",
    "variant": "Personal"
  },
  {
    "question": "Choose the correct variant: I try to lead a _____ lifestyle - lots of exercises, fruit, and no junk food.",
    "variant": "Healthy"
  },
  {
    "question": "Choose the correct variant: The disco was so _____ that you couldn‟t hear anyone.",
    "variant": "Noisy"
  },
  {
    "question": "Choose the correct variant: A place where you can try on clothes before buying them.",
    "variant": "Changing room"
  },
  {
    "question": "Choose the correct answer: A place where you can buy things or clothes.",
    "variant": "Shop"
  },
  {
    "question": "Choose the correct variant: What ____ the man on the bench ______ right now?",
    "variant": "Is / reading"
  },
  {
    "question": "Choose the correct variant: I only have 20 minutes for lunch, so I always eat ______.",
    "variant": "Quickly"
  },
  {
    "question": "Choose the correct variant: My new boss is _________ than my old one.",
    "variant": "More patient"
  },
  {
    "question": "Choose the correct variant: Tha Aral Sea is ________ sea in the world.",
    "variant": "The smallest"
  },
  {
    "question": "Choose the correct variant: Don‟t be late. Try to arrive _____ time.",
    "variant": "On"
  },
  {
    "question": "Choose the correct answer: What do we call the container you use to carry things in a shop?",
    "variant": "Shopping basket"
  },
  {
    "question": "Choose the correct variant: Which of the following is a healthy habit?",
    "variant": "Drinking enough water"
  },
  {
    "question": "Choose the correct variant: Which of the following is an unhealthy habit?",
    "variant": "Smoking"
  },
  {
    "question": "Choose the correct variant: What can happen if we drink too much water?",
    "variant": "Low salt levels"
  },
  {
    "question": "Choose the word that is different:",
    "variant": "Beard"
  },
  {
    "question": "Choose the word that is different:",
    "variant": "Unfriendly"
  },
  {
    "question": "Choose the correct variant: Drinking too much coffee can be bad for your _______.",
    "variant": "Blood pressure"
  },
  {
    "question": "Choose the word that is different:",
    "variant": "Luxurious"
  },
  {
    "question": "Choose the correct variant: Which drink is good for your health because it has calcium?",
    "variant": "milk"
  },
  {
    "question": "Choose the word that is different:",
    "variant": "Lazy"
  },
  {
    "question": "Choose the correct variant: The meeting is _________13th March.",
    "variant": "On"
  },
  {
    "question": "Choose the correct variant: She is ______ the kitchen cooking something delicious.",
    "variant": "In"
  },
  {
    "question": "Choose the correct variant: She went on holiday to Kokshetau _____ 2018.",
    "variant": "In"
  },
  {
    "question": "Choose the correct variant: It‟s a very quiet town, especially _____ night.",
    "variant": "At"
  },
  {
    "question": "Choose the correct variant: Jane was on holiday, but she _______last week.",
    "variant": "Came back"
  },
  {
    "question": "Choose the correct variant: Did you wait long __________ your train?",
    "variant": "For"
  },
  {
    "question": "Choose the correct variant: A: _____ did she _____ a job?  B: In the car factory.",
    "variant": "Where / get"
  },
  {
    "question": "Choose the correct variant: Max didn‟t _____ yesterday afternoon; he _____ at home.",
    "variant": "Go out / stayed"
  },
  {
    "question": "Choose the correct variant: Liz _____ French before, but she _____ it at university now.",
    "variant": "Did not study / studies"
  },
  {
    "question": "Choose the correct variant: A: _____ did they have _____ lunch? B: Soup & fish.",
    "variant": "What / for"
  },
  {
    "question": "Choose the correct variant: A: Where _____ you last week? B: I _____ in Alabama.",
    "variant": "Were / was"
  },
  {
    "question": "Choose the correct variant: I usually _____ for 6 hours a day, but I _____ for 8 hours yesterday.",
    "variant": "Work / worked"
  },
  {
    "question": "Choose the correct variant: Rosemary often _____ to work by bus, but she _____ to work by taxi yesterday.",
    "variant": "Gets / got"
  },
  {
    "question": "Choose the correct variant: Bonny and Nick _____ tennis last weekend, but they rarely _____ tennis.",
    "variant": "Played / play"
  },
  {
    "question": "Choose the correct variant: It _____ a lot in winter here, but it _____ last year.",
    "variant": "Snows / rained"
  },
  {
    "question": "Choose the milk products:",
    "variant": "cheese, butter, full-fat milk"
  },
  {
    "question": "Choose the correct variant: A kind of drink that is not good for your health",
    "variant": "Coke"
  },
  {
    "question": "Choose the correct variant: She ______ much money, so she can buy а new car.",
    "variant": "Earned"
  },
  {
    "question": "Choose the correct variant: Invite",
    "variant": "Somebody to dinner"
  },
  {
    "question": "Choose the correct variant: Drive",
    "variant": "Along the Tole bi street"
  },
  {
    "question": "Choose the correct variant: Wait",
    "variant": "For somebody"
  },
  {
    "question": "Choose the correct variant: Play",
    "variant": "A song"
  },
  {
    "question": "Choose the correct variant: Leave",
    "variant": "The club very late"
  },
  {
    "question": "Choose the correct variant of to do or to make: Paul ______ some mistakes in his test yesterday.",
    "variant": "Made"
  },
  {
    "question": "Choose the correct variant: What happens when blood doesn‟t go to the heart?",
    "variant": "Heart attack"
  },
  {
    "question": "Choose the correct variant of to do or to make: Elena is _______ a cookery course at the local college this week",
    "variant": "Doing"
  },
  {
    "question": "Choose the correct variant of to do or to make: We ___ friends two years ago.",
    "variant": "Made"
  },
  {
    "question": "Choose the correct variant of to do or to make: Lily usually _____ housework on Saturday.",
    "variant": "Does"
  },
  {
    "question": "Choose the correct variant: 8.2",
    "variant": "Eight point two"
  },
  {
    "question": "Choose the correct variant: 5/2",
    "variant": "Five halves"
  },
  {
    "question": "Choose the correct variant of to do or to make: They ____ exercises in the park every morning.",
    "variant": "Do"
  },
  {
    "question": "Choose the correct variant: What‟s the population of Kazakhstan?",
    "variant": "About twenty million people"
  },
  {
    "question": "Choose the correct variant: Definite plans for the future.",
    "variant": "Arrangements."
  },
  {
    "question": "Choose the correct variant:  15 March 2023",
    "variant": "The fifteenth of March, twenty twenty-three"
  },
  {
    "question": "Choose the correct variant: Café‟ is a word ______ comes from the Spanish word „cafetería‟.",
    "variant": "Which"
  },
  {
    "question": "Choose the correct variant: This is the restaurant __________ we had dinner.",
    "variant": "Where."
  },
  {
    "question": "Choose the correct variant: Kangaroos are animals __________ live in Australia.",
    "variant": "Which"
  },
  {
    "question": "Choose the correct variant: A snack bar is a place ___________ you can get a drink or a meal.",
    "variant": "Where."
  },
  {
    "question": "Choose the correct variant: He‟s the man ___________ lives next door to my grandparents.",
    "variant": "Who."
  },
  {
    "question": "Choose the correct variant: We haven‟t ______ in Ankara since 1992.",
    "variant": "Been"
  },
  {
    "question": "Choose the correct variant: My cousin _________ his mother.",
    "variant": "Looks like"
  },
  {
    "question": "Choose the correct variant: We haven‟t been in this city _____ last year.",
    "variant": "Since"
  },
  {
    "question": "Choose the correct variant: 6.5",
    "variant": "Six point five"
  },
  {
    "question": "Choose the correct variant: Hurry up! We ___________for the train.",
    "variant": "We are going to be late"
  },
  {
    "question": "Choose the correct variant: Do you think Martin _________ his exams? He missed so many classes",
    "variant": "Is going to pass."
  },
  {
    "question": "Choose the correct variant: I don't think she ______ the exam, she isn't very good.",
    "variant": "Is going to pass."
  },
  {
    "question": "Choose the sentence with a future meaning:",
    "variant": "She is moving to Canada soon."
  },
  {
    "question": "Choose the sentence with a future meaning:",
    "variant": "Karl is arriving on Monday."
  },
  {
    "question": "Choose the sentence with a future meaning:",
    "variant": "We‟re coming back on Sunday"
  },
  {
    "question": "Choose the correct variant: 50%",
    "variant": "Fifty percent"
  },
  {
    "question": "Choose the correct variant: Yesterday my best friend broke his leg. He _______ off the bike.",
    "variant": "Fell"
  },
  {
    "question": "Choose the correct variant: You know, Beethoven _____ a great composer.",
    "variant": "Was"
  },
  {
    "question": "Choose the correct verb form: We ______an interesting documentary film about wild animals last week.",
    "variant": "Watched"
  },
  {
    "question": "Choose the correct variant: 2/3",
    "variant": "Two thirds"
  },
  {
    "question": "Choose the correct variant: When's your birthday?",
    "variant": "The twentieth of July."
  },
  {
    "question": "Choose the correct verb form: _____ her mother go out yesterday?",
    "variant": "Did"
  },
  {
    "question": "Choose the correct variant: $5,000,000",
    "variant": "five million dollars"
  },
  {
    "question": "Choose the correct variant: 125",
    "variant": "One hundred and twenty-five"
  },
  {
    "question": "Choose the opposite variant: Modern",
    "variant": "Old"
  },
  {
    "question": "Choose the correct verb form: I also ______ dinner and ______ about the house last weekend.",
    "variant": "Cooked / helped"
  },
  {
    "question": "Choose the correct variant: “The air is very dirty.” – The city is _____________.",
    "variant": "polluted"
  },
  {
    "question": "Choose the correct variant: “The buildings are all built quite recently.” – The city is _____________.",
    "variant": "modern"
  },
  {
    "question": "Choose the correct variant: There‟s a big ___________ of a famous writer in the main square.",
    "variant": "statue"
  },
  {
    "question": "Choose the correct variant: I _______ to take care of her flowers when she was abroad.",
    "variant": "Tried"
  },
  {
    "question": "Choose the religious buildings:",
    "variant": "mosque, church, temple"
  },
  {
    "question": "Choose the Past Simple form of the verb: Leave",
    "variant": "Left"
  },
  {
    "question": "Choose the correct variant: A place where you can buy fresh fruit, vegetables and local products outdoors.",
    "variant": "market"
  },
  {
    "question": "Choose the Past Simple form of the verb: Arrive",
    "variant": "Arrived"
  },
  {
    "question": "Choose the Past Simple form of the verb: Drive",
    "variant": "Drove"
  },
  {
    "question": "Choose the correct variant: What do we wear to protect our head from the sun?",
    "variant": "Cap"
  },
  {
    "question": "Choose the correct variant: What kind of clothes do you wear to school?",
    "variant": "Uniform"
  },
  {
    "question": "Choose the Past Simple form of the verb: Think",
    "variant": "Thought"
  },
  {
    "question": "Choose the Past Simple form of the verb: Put",
    "variant": "Put"
  },
  {
    "question": "Choose the word that is different:",
    "variant": "Flip-flops"
  },
  {
    "question": "Choose the Past Simple form of the verb: Say",
    "variant": "Said"
  },
  {
    "question": "Choose the Past Simple form of the verb: Read",
    "variant": "Read"
  },
  {
    "question": "Choose the sentence with a future meaning:",
    "variant": "I‟m going to work hard at weekend."
  },
  {
    "question": "Choose the sentence with a future meaning:",
    "variant": "I‟ m meeting Joe at 2o‟clock."
  },
  {
    "question": "Choose the sentence with a future meaning:",
    "variant": "We‟re going to Astana in the summer"
  },
  {
    "question": "Choose the correct variant: Robert likes reading sports magazines. He ______ them now.",
    "variant": "Is reading"
  },
  {
    "question": "Choose the correct variant: Askar ______ mathematics. He ______ it at school.",
    "variant": "Likes / studies"
  },
  {
    "question": "Choose the correct variant: She ______ her homework at night.",
    "variant": "Does"
  },
  {
    "question": "Choose the correct variant: They ______ never late.",
    "variant": "Aren‟t"
  },
  {
    "question": "Choose the correct variant: Peter ______ his hair now. He ______ it every day.",
    "variant": "Is washing / washes"
  },
  {
    "question": "Choose the word that is different:",
    "variant": "Trousers"
  },
  {
    "question": "Choose the correct variant: She‟s ___________ a bag.",
    "variant": "carrying"
  },
  {
    "question": "Choose the correct variant: My brother and I ______ football on Sundays.",
    "variant": "Play"
  },
  {
    "question": "Choose the correct variant: His sister ______ tennis on Wednesday.",
    "variant": "Plays"
  },
  {
    "question": "Choose the correct variant: He‟s ___________ sunglasses.",
    "variant": "wearing"
  },
  {
    "question": "Choose the correct variant: ______ you at home yesterday morning?",
    "variant": "Were"
  },
  {
    "question": "Choose the correct variant: He ______ late yesterday.",
    "variant": "Was"
  },
  {
    "question": "Choose the correct variant: They ______ ready in class yesterday.",
    "variant": "Weren‟t"
  },
  {
    "question": "Choose the correct variant: I _________ my keys yesterday, but I‟ve found them now.",
    "variant": "lost"
  },
  {
    "question": "Choose the correct variant: I ________ in London since I _________ university.",
    "variant": "have lived / finished"
  },
  {
    "question": "Choose the correct variant: I _________ him twice this week, but I __________ him at the office today.",
    "variant": "have seen / haven‟t seen"
  },
  {
    "question": "Choose the correct variant: A: ___ does your daughter do? B: ___ is an English teacher.",
    "variant": "What/ she"
  },
  {
    "question": "Choose the correct variant: He was very angry because he couldn‟t find the report ___.",
    "variant": "Anywhere"
  },
  {
    "question": "Choose the correct variant: It‟s ________ who shows you round a city or a museum.",
    "variant": "Somebody"
  },
  {
    "question": "Choose the correct variant: It‟s _______ which we use to pay, instead of cash.",
    "variant": "Something"
  },
  {
    "question": "Choose the correct variant: We _________ dinner yet, but we ________ some snacks earlier.",
    "variant": "haven‟t had / ate"
  },
  {
    "question": "Choose the correct variant: Why didn‟t you ask ___ help ?",
    "variant": "For"
  },
  {
    "question": "Choose the correct word to the definition: Full of people or things.",
    "variant": "Crowded"
  },
  {
    "question": "Choose the correct variant: My English  __________ a lot since I __________ this online course.",
    "variant": "has improved / took"
  },
  {
    "question": "Choose the correct variant: I __________ that film before. Let‟s watch something else.",
    "variant": "have seen"
  },
  {
    "question": "Choose the correct variant: ___ do you like best - your mother or your father?",
    "variant": "Which one"
  },
  {
    "question": "Choose the correct variant: A building where you can see old things.",
    "variant": "Museum"
  },
  {
    "question": "Choose the correct variant: She _______ already ________ the report.",
    "variant": "has finished"
  },
  {
    "question": "Choose the opposite : load the dishwasher",
    "variant": "unload the dishwasher"
  },
  {
    "question": "Choose the synonym of the word: hoovering",
    "variant": "do the vacuuming"
  },
  {
    "question": "Choose the correct variant: My friend is thinking _______ his exams. He is stressed",
    "variant": "About."
  },
  {
    "question": "Choose the correct variant: We‟ve lived here _____ I was a young child.",
    "variant": "Since"
  },
  {
    "question": "Choose the correct variant: A: My exam is today. B: Don‟t worry. ______it.",
    "variant": "About."
  },
  {
    "question": "Choose the correct variant: Before eating, we usually ___________.",
    "variant": "lay the table"
  },
  {
    "question": "Choose the correct variant: If clothes don‟t fit you, it means they _______.",
    "variant": "Are the wrong size"
  },
  {
    "question": "Choose the correct variant: If clothes don‟t suit you, it means they__________.",
    "variant": "Don‟t look good on you"
  },
  {
    "question": "Choose the word that doesn‟t go with the verb: Do",
    "variant": "The table"
  },
  {
    "question": "Choose the word that doesn‟t go with the verb: Make",
    "variant": "Housework"
  },
  {
    "question": "Choose the word that doesn‟t go with the verb: Do",
    "variant": "Friends"
  },
  {
    "question": "Choose the correct variant: My mum always  ___________ after meals instead of washing dishes by hand.",
    "variant": "loads the dishwasher"
  },
  {
    "question": "Choose the correct variant: I always __________ on Sundays – I go to the supermarket and buy food.",
    "variant": "do the shopping"
  },
  {
    "question": "Choose the opposite : lay the table",
    "variant": "clear the table"
  }
]
