[
  {
    "question": "Макроэкономика нені зерттейді?",
    "variant": "жалпы кономиканы, ұлттық экономиканың жұмыс істеу заңдылықтарын"
  },
  {
    "question": "ЖІӨ өлшеу әдістері:",
    "variant": "Шығыстар бойынша"
  },
  {
    "question": "Жалпы ішкі өнімнің кұрамына кірмейді:",
    "variant": "Мемлекеттік трансферттік төлемдер"
  },
  {
    "question": "Макроэкономиканың негізгі субъектісі болып не саналмайды?",
    "variant": "Ел қорғанысы"
  },
  {
    "question": "Макроэкономика секторы:",
    "variant": "Мемлекет"
  },
  {
    "question": "АS қисығының кесіндісі:",
    "variant": "аралық кесінді"
  },
  {
    "question": "Кәсіпкерлікке салык артқан сайын:",
    "variant": "Жиынтық ұсыныс көлемі кемиді"
  },
  {
    "question": "Макроэкономиканың негізгі әдісі:",
    "variant": "агрегаттау және модельдеу"
  },
  {
    "question": "Американдық фирма Жапонияда орналасқан, оның табысы:",
    "variant": "АҚШ –ң ЖІӨ - не кіреді"
  },
  {
    "question": "Макроэкономиканың басты мақсаты —...",
    "variant": "тұрақты экономикалық өсу мен тұрақтылықты қамтамасыз ету"
  },
  {
    "question": "Макроэкономикаға қандай талдау деңгейі тән?",
    "variant": "ұлттық"
  },
  {
    "question": "Негізгі макроэкономикалық көрсеткіштерге мыналар жатады:",
    "variant": "ЖІӨ"
  },
  {
    "question": "ЖІӨ нені көрсетеді?",
    "variant": "елде бір жылда өндірілген барлық түпкілікті тауарлар мен қызметтердің нарықтық құнын"
  },
  {
    "question": "ЖІӨ есебіне не кірмейді?",
    "variant": "аралық тауарлар"
  },
  {
    "question": "ЖІӨ есептеу кезінде қандай әдіс қолданылады?",
    "variant": "өндірістік"
  },
  {
    "question": "Номиналды ЖІӨ нені білдіреді?",
    "variant": "ағымдағы бағалардағы өндіріс көлемін"
  },
  {
    "question": "Өндірістің орташа шыгындарының өсу себептері:",
    "variant": "Салықтардың өсуі"
  },
  {
    "question": "Нақты ЖІӨ мынаны ескереді:",
    "variant": "валюта бағамының динамикасын"
  },
  {
    "question": "Ұлттық табыс-бұл:",
    "variant": "өндіріс факторлары иелерінің жиынтық табысы"
  },
  {
    "question": "Жиынтық шығындар элементтеріне мыналар жатады:",
    "variant": "тұтыну, инвестициялар, мемлекеттік шығындар және таза экспорт"
  },
  {
    "question": "Қолда бар табыс-бұл:",
    "variant": "салықтар төленгеннен және трансферттер алынғаннан кейінгі кіріс"
  },
  {
    "question": "Жиынтық сұранысты не арттырады?",
    "variant": "мемлекеттік шығыстардың өсуі"
  },
  {
    "question": "Негізгі макроэкономикалық үлгі:",
    "variant": "Жиынтық сұраныс және жиынтық ұсыныс үлгісі"
  },
  {
    "question": "ЖІӨ-бұл:",
    "variant": "Дайын тауарлар мен қызметтердің бір жылдағы нарықтың кұны"
  },
  {
    "question": "Инвестициялардың негізгі көзі:",
    "variant": "жинақ"
  },
  {
    "question": "Орталық банк қызметтері қатарында жоқ:",
    "variant": "Халықты несиелеу"
  },
  {
    "question": "Жиынтық сұраныс кұрамы:",
    "variant": "Инвестициялық тауарларға деген сұраныс"
  },
  {
    "question": "Жиынтық сұраныс – бұл...",
    "variant": "тұтынушылар осы баға деңгейінде сатып алуға дайын тауарлар мен қызметтердің жалпы көлемі"
  },
  {
    "question": "Жиынтық ұсыныс... көрсетеді:",
    "variant": "фирмалар осы баға деңгейінде өндіруге дайын өнім көлемін"
  },
  {
    "question": "Жиынтык сұраныстың кұрамды бөліктері:",
    "variant": "Таза экспорт"
  },
  {
    "question": "Инвестиция динамикасын анықтайтын факторлар:",
    "variant": "Пайыз мөлшерлемесінің өзгеруі"
  },
  {
    "question": "Кейнстік үлгіде:",
    "variant": "Макроэкономикалық саясат белсенді"
  },
  {
    "question": "Жиынтық ұсыныстың өсуі мыналарға әкеледі:",
    "variant": "нақты ЖІӨ-нің ұлғаюы және баға деңгейінің төмендеуіне"
  },
  {
    "question": "Ақшаға сұраныс факторлары:",
    "variant": "Табыс деңгейі"
  },
  {
    "question": "Жиынтық сұраныс қисығының оңға жылжуы мынаны көрсетеді:",
    "variant": "жиынтық сұраныстың өсуін"
  },
  {
    "question": "ЖҰӨ-ді өлшеудің тәсілдері:",
    "variant": "шығындар бойынша"
  },
  {
    "question": "Жиынтық ұсынысқа әсер етеді:",
    "variant": "еңбек өнімділігі және өндіріс шығындары"
  },
  {
    "question": "Жұмыссыздықтың түрлері:",
    "variant": "Циклдік"
  },
  {
    "question": "Солоу үлгісінің экзогенді айнымалылары :",
    "variant": "g-техникалық прогресс қарқыны"
  },
  {
    "question": "Экономикалық өсу түрі:",
    "variant": "Экстенсивті"
  },
  {
    "question": "Ашық экономиканы зерттеу үлгісінің авторы:",
    "variant": "Р Манделл"
  },
  {
    "question": "Экономикалық өсудің үлгілері:",
    "variant": "Е Домар үлгісі"
  },
  {
    "question": "Ақшаға сұраныс факторлары:",
    "variant": "Табыс деңгейі"
  },
  {
    "question": "Сыртқы сауда саясатының мақсаты:",
    "variant": "Импортты шектеу"
  },
  {
    "question": "Ағымдағы жылы жұмыссыздықтың табиғи деңгейі 6% , ал жұмыссыздық деңгейі 12% болсын Өнім көлемінің пайыздық өзгерісі қандай болады?",
    "variant": "12%"
  },
  {
    "question": "МРС=0,8 болған кездегі жабық экономикадасалықтың 100 млнтг қысқаруы мына жағдайды тұғызады:",
    "variant": "Тұтыну көлемі 80 млн тг көбейеді"
  },
  {
    "question": "Төмендегілердің қайсысы макроэкономикалық проблемаға жатпайды?",
    "variant": "Бағалық дискриминация"
  },
  {
    "question": "Инфляция-бұл:",
    "variant": "экономикадағы баға деңгейінің жалпы өсуі"
  },
  {
    "question": "«Алтын стандарт» жүйесі қай жылдар аралығында қолданды?",
    "variant": "1879 – 1934"
  },
  {
    "question": "Басқа жағдайлар өзгермегендегі елдің экспортының ұлғаюы:",
    "variant": "Жалпы сұранысты да, ұлттық табысты да ұлғайтады"
  },
  {
    "question": "Инфляцияның негізгі көрсеткіші —...",
    "variant": "тұтыну бағаларының индексі (ТБИ)"
  },
  {
    "question": "Мультипликатор шамасы:",
    "variant": "MPS шамасына керi пропорционалды"
  },
  {
    "question": "Жұмыссыздық - бұл:",
    "variant": "экономикада жұмыссыз, бірақ оны іздейтін еңбекке қабілетті адамдардың болуы"
  },
  {
    "question": "Жылдық табыс деңгейiнен тәуелсiз инвестициялық шығындар - бұл…",
    "variant": "автономдық инвестициялар"
  },
  {
    "question": "Келесi қатынастардың қайсысы керi тәуелдiлiктi бiлдiредi?",
    "variant": "инвестициялық шығындар мен процент деңгейiнiң арасындағы"
  },
  {
    "question": "Егер тұтынушылар ағымдық тұтынуға арналған табыс үлесiн ұлғайтуды  көздесе,онда қысқа мерзiмде",
    "variant": "өнiм көлемi мен жұмысбастылық ұлғаяды"
  },
  {
    "question": "Кейнстiң қарапайым мультипликаторының моделi  қатынасын көрсетедi:",
    "variant": "табыстың инвестициялар өсiмшесiне"
  },
  {
    "question": "Инвестициялар өскенде ЖҰӨ:",
    "variant": "алғашқы инвестициялардын артық мөлшерде өседi"
  },
  {
    "question": "Жұмыссыздық түрлеріне мыналар жатады:",
    "variant": "фрикциондық (үйкеліс)"
  },
  {
    "question": "Тұтыну функциясы мына түрде жазылады:",
    "variant": "С=С(Ү-Т)"
  },
  {
    "question": "Тұтыну функциясы мыналардың арасындағы байланысты көрсетедi:",
    "variant": "тұтыну мен қолдағы табыс"
  },
  {
    "question": "Оукен Заңы байланыстырады:",
    "variant": "ЖІӨ-нің өзгеруі және жұмыссыздық деңгейін"
  },
  {
    "question": "Салықтардың функциясы:",
    "variant": "мемлекет кірістерін қалыптастыру"
  },
  {
    "question": "Егер тепе-теңдiк ЖҰӨ өнiм потенциалды деңгейiнен артық болса, онда-",
    "variant": "бағалар деңгейi өседi"
  },
  {
    "question": "Бюджет тапшылығы қай кезде пайда болады:",
    "variant": "мемлекеттік шығыстар кірістерден асып түскенде"
  },
  {
    "question": "Салықтардың негізгі түрлері:",
    "variant": "тікелей және жанама"
  },
  {
    "question": "Егер мемелкеттiк сатып алу 2 млрд тенгеге ұлғайса, тепе –теңдiк ЖҰӨ қалай өзгередi? Тұтынуға шеккi бейiмдiлiк = 0,75",
    "variant": "8 млрд тг өседi"
  },
  {
    "question": "Жинақтауға шеккi беймдiлiктiң өсуi…",
    "variant": "материалдық қорлардың өсуiне әкеледi"
  },
  {
    "question": "Бюджет кірістерінің негізгі көзі —…",
    "variant": "салықтар"
  },
  {
    "question": "Ұқыптылық парадоксының мәнi:",
    "variant": "көбiрек жинақтауға ұмтылу бұрынғы көлемнен кем жинақтауға әкеледi"
  },
  {
    "question": "Бюджет шығыстарының негізгі бабы —...",
    "variant": "әлеуметтік төлемдер"
  },
  {
    "question": "Төмен табысқа қарағанда жоғарысынан көп процент алынады Бұл…",
    "variant": "прогрессивтi салық"
  },
  {
    "question": "Лаффер қисығы нені көрсетедi?",
    "variant": "салық ставкасы мен салық түсiмдерi арасындағы байланысты"
  },
  {
    "question": "Орталық банктің негізгі қызметі:",
    "variant": "ақша айналымын реттеу"
  },
  {
    "question": "Антиинфляциялық фискалдық саясат нені талап етедi?",
    "variant": "салық салудың өсуiмен мемлекеттiк шығындардың азаюын"
  },
  {
    "question": "ТҰӨ өзгеруiнiң мемлекеттiк шығындар өзгерiсiне қатынасы – бұл…",
    "variant": "мемлекеттiк шығындар мультипликаторы"
  },
  {
    "question": "Егер үкiмет нақты ТҰӨ деңгейiн арттыруды ұйғарса, ол…",
    "variant": "салықты төмендетедi"
  },
  {
    "question": "Ынталандырушы фискалды саясат жүргiзiлгенде…",
    "variant": "мемлекеттiк шығындар ұлғаяды"
  },
  {
    "question": "Мемлекеттiк шығындар мен салықтардағы қажеттi өзгерiстер автоматты түрде еңгiзiлетiн саясат –бұл…",
    "variant": "дискрециондық емес фиксалдық саясат"
  },
  {
    "question": "Макроэкономиканың басты мақсаты —",
    "variant": "экономикалық өсуді, жұмыспен қамтуды және баға тұрақтылығын қамтамасыз ету"
  },
  {
    "question": "Фиксалдық саясаттың мәселесі – бұл…",
    "variant": "ығыстыру эффектiсi"
  },
  {
    "question": "Шығындар мен салық салу аясындағы саясат – бұл…",
    "variant": "фиксалдық саясат"
  },
  {
    "question": "Үкiмет зайымының ұлғаюы тудырған процент ставкасының көтерiлуi, оған iлесе инвестициялардың қысқаруы – бұл…",
    "variant": "ығыстыру эффектiсi"
  },
  {
    "question": "Шектi салық ставкасы мыналардың арасындағы қатынасты көрсетедi - салық өсiмшесiнiң және…",
    "variant": "табыс өсiмшесiнiң"
  },
  {
    "question": "Егер экономикалық өсу табысты әдiл бөлуге себепшi болса, онда бұл екi мақсат…",
    "variant": "бiрiн-бiрiн толықтырады"
  },
  {
    "question": "Ынталандырушы фискалдық саясат кезiндегi пайда болатын бюджет тапшылығын қалай қаржыландырылады:",
    "variant": "жаңа ақша шығару арқылы"
  },
  {
    "question": "Сеньораж –бұл…",
    "variant": "мемлекеттiң ақша басудан түсетiн табысы"
  },
  {
    "question": "Үдемелі инфляция кезiндегi бюджет тапшылығының шамасын ресми бағалау-ол...",
    "variant": "нақты мемлекеттiк қарыздың өзгеру шамасын асыра көрсетедi"
  },
  {
    "question": "Жабық экономикадағы мемлекеттік шығындардың өсуі –ол…",
    "variant": "жұмыссыздықты төмендетіп, жалпы сұранысты көтереді"
  },
  {
    "question": "Мемлекеттiк тапсырыстың көлемi салықтан трансферттiк төлемдердi шегергенге тең болса, онда   қалыптасады:",
    "variant": "теңгерiлген бюджет"
  },
  {
    "question": "Инвестициялық функцияның теңдеуi: J= 700-20*r Номиналды процент  ставкасы = 25 % Инфляция қарқыны 15% Бұл жағдайдағы инвестиция  көлемi қаншаға тең болады?",
    "variant": "500"
  },
  {
    "question": "Ашық экономикаға мемлекеттік араласу қажеттілігі неде?",
    "variant": "Нарық қоғамның бар мәселесін шеше алмайды"
  },
  {
    "question": "Қалыпты жағдайда ресурстар толық қамтылғандағы елеулi бюджет  тапшылығы мынаған әкеледi:",
    "variant": "нақты процент ставкасының өсуiне"
  },
  {
    "question": "Қалаулы тепе – теңдiк табыс пен өндiрiс деңгейiне қол жеткiзуге бағытталған мемлекеттiк шығындар мен салықтарды өзгерту мынаған жатады:",
    "variant": "Кейнстiк фискалдық саясатқа"
  },
  {
    "question": "Ұлттық жинақтардың формуласы мынадай:",
    "variant": "S=Y-C-G"
  },
  {
    "question": "Жеке жинақтардың формуласы мынадай:",
    "variant": "S=Y-T-C"
  },
  {
    "question": "Мемлекеттiк жинақтардың формуласы мынандай:",
    "variant": "T-G"
  },
  {
    "question": "Жабық экономикада өндiрiлген өнiмдi пайдалануды мына түрде көрсетуге болады:",
    "variant": "Y=C+I+G"
  },
  {
    "question": "Агрегатталған көрсеткішке жатады …",
    "variant": "ЖІӨ"
  },
  {
    "question": "Агрегатталған көрсеткіш:",
    "variant": "бағалардың орташа денгейі"
  },
  {
    "question": "Ұзақ мерзiмдi кезеңде шығарылған өнiм мыналардың қайсысымен анықталады?",
    "variant": "капитал, еңбек және технологияның санымен"
  },
  {
    "question": "Өндiрiстiң негiзгi факторы – бұл…",
    "variant": "еңбек және капитал"
  },
  {
    "question": "Өндiрiстiк функцияның математикалық түрi қандай?",
    "variant": "у=Ғ (К,L)"
  },
  {
    "question": "Ұлттық табысты тарату немен анықталады?",
    "variant": "өндiрiстiк факторлардың бағасымен"
  },
  {
    "question": "Ұзақ мерзiмдi кезеңдегi жинақталған ұсыныстың қисығы:",
    "variant": "тiк орналасқан"
  },
  {
    "question": "AS қисығының кеинсиандық кесiндiсiнiң түрi:",
    "variant": "горизонтальды сызық"
  },
  {
    "question": "Ұсыныстың қолайсыз шогы мыналардың қайсысының күрт өсуімен байланысты?",
    "variant": "ресурстар бағасының"
  },
  {
    "question": "Егер егiлген өнiм жақсы шығып және астыққа баға төмендесе, онда мына жағдай байқалады:",
    "variant": "бағалардың жалпы деңгейiнiң төмендеуi мен өнiмнiң өсуi"
  },
  {
    "question": "Қысқа мерзiмдi кезеңде ұсыныстың қолайсыз шогы неге әкеледi?",
    "variant": "бағалар деңгейi өсiп, өнiм төмендейдi"
  },
  {
    "question": "Егер бағалар деңгейi өсiп, өндiрiс деңгейi төмендесе, бұл неге әкеледi?",
    "variant": "жиынтық ұсыныс қисығы солға жылжиды"
  },
  {
    "question": "Жиынтық ұсыныстың қисығы мыналардың арасындағы байланысты көрсетедi:",
    "variant": "нақты ЖҰӨ өндiрiлген көлемi мен бағалардың"
  },
  {
    "question": "Жалпы сұраныс құрамына кiрмейтiн элементтi көрсетiнiз:",
    "variant": "ақша ресурстарына сұраныс"
  },
  {
    "question": "Тұтынушының ақуаттылығы өскен жағдайда жылжиды:",
    "variant": "AD қисығы оңға"
  },
  {
    "question": "AD-ң бағадан тыс факторлары – бұл…",
    "variant": "тұтыну шығындарындағы өзгерiс"
  },
  {
    "question": "Мемлекеттiк шығындардың өсуi",
    "variant": "AD ұлғайтады"
  },
  {
    "question": "Қандай бағадан тыс фактор AS-тi ұлғаю жағына жылжытады?",
    "variant": "өнiмдiлiктiң өсуi"
  },
  {
    "question": "AS-ң бағадан тыс факторы – бұл…",
    "variant": "ресурстар бағасының өсуi"
  },
  {
    "question": "AS қисығындағы аралық кесiндi:",
    "variant": "еңкiштiгi оң бағытталған"
  },
  {
    "question": "Кәсiподақтар жалақыны көтеруге қол жеткiзген жағдайда AS  қисығы жылжиды:",
    "variant": "солға"
  },
  {
    "question": "AS-ң классикалық үлгiсiнiң көрсетуi бойынша ұзақ мерзiмде жалпы сұраныстың өзгеруi…",
    "variant": "өнiм көлемiне емес, баға деңгейiне әсер етедi"
  },
  {
    "question": "Экономикалық ахуал AS-ң кейнстiк кесiндiсiне сәйкес келгенде AD-ң өсуi мынаған әкеледi:",
    "variant": "нақты ЖҰӨ көлемiн өсiредi, бiрақ баға деңгейiне әсер етпейдi"
  },
  {
    "question": "AD-ң өсуi тепе – теңдiк ТҰӨ мен баға деңгейiнiң өсуiне әкеледi, егер   AD қисығының жылжуы орын алса:",
    "variant": "AS  қисығының аралық кесiндiсi бойында"
  },
  {
    "question": "AD қисығы көтерiледi, егер…",
    "variant": "ұлттық валютаның бағамы төмендесе"
  },
  {
    "question": "Ұтымды күту теориясы бойынша AD-ң өсуi мынаған әкеледi:",
    "variant": "бағаның өсуiне, бiрақ нақты ЖҰӨ көлемiне әсер етпейдi"
  },
  {
    "question": "Тепе – теңдiк өндiрiс көлемiн қалпына келтiруге және қолайсыз талықсытпадан (шоки) туған ауытқуларды азайтуға бағытталған шаралар  саясат:",
    "variant": "тұрақтандырушы"
  },
  {
    "question": "“AD-AS” моделiндегi бағаның өсуi неге әкеледi?",
    "variant": "табысқа мультипликатор әсерiнiң азаюына"
  },
  {
    "question": "Жалпы ұсыныстың өсуi неге  әкеледi?",
    "variant": "баға өсуiн бәсiндетiп, нақты ЖҰӨ өсуiне"
  },
  {
    "question": "Салықты төмендету, несиенi жеңiлдету, меншiк иесiнiң құқысын қорғау – бұл  теориясы",
    "variant": "ұсынысты реттеу"
  },
  {
    "question": "Экономикада 1 тоннасына 100 доллар бағамен 10 тонна бидай және 1 станоктың бағасы 500 доллар болатын 2 станок өндіріледі деп жорамалдайық Сонда бұл елдің ЖҰӨ-і тең болады:",
    "variant": "2 000"
  },
  {
    "question": "Храповик эффектiсi – салдары:",
    "variant": "бағаның төмендеу жағына икемсiздiгiнiң"
  },
  {
    "question": "Өз еркiмен жұмыс орнын ауыстырғандаржатады:",
    "variant": "фрикциондық жұмыссыздыққа"
  },
  {
    "question": "Жалпы сұраныстың жетiспеуi өсуiне әкеледi:",
    "variant": "циклдық жұмыссыздықтың"
  },
  {
    "question": "Жұмыссыздық төмен:",
    "variant": "“ақ жағалылардың” арасында"
  },
  {
    "question": "Оукен заңы бойынша жұмыссыздықтың фактiлiк деңгейiнiң оның табиғи деңгейiнен 1%-ке асып кетуi фактiлiк ЖҰӨ-дi қаншаға азайтады?",
    "variant": "2,5%"
  },
  {
    "question": "Өндiрiсi құлдырап, фирманың жабылуынан босаған адам   жұмыссыздық санатына жатады:",
    "variant": "циклдық"
  },
  {
    "question": "Жұмыссыздық деңгейi  қатынасымен анықталады:",
    "variant": "жұмыссыздар санының жұмыс күшi санына"
  },
  {
    "question": "Жұмыссыздықтың табиғи деңгейi анықталады:",
    "variant": "фрикциондық және құрылымдық жұмыссыздықтың сомасымен"
  },
  {
    "question": "Егер адам жақын арада жұмыс алуға үмiттенсе, онда ол-",
    "variant": "жұмыссыздар қатарына жатады"
  },
  {
    "question": "Егер еңбек ұсынысы қисығы солға жылжыса, онда еңбек нарығында-",
    "variant": "нақты жалақы өседi"
  },
  {
    "question": "Нақты еңбек ақы - бұл-",
    "variant": "өнiм бiрлiгiмен көрсетiлген еңбекке төленетiн ақы"
  },
  {
    "question": "Нақты жалақы деңгейi байланысты:",
    "variant": "тауарлар мен қызметтер бағасының деңгейiмен"
  },
  {
    "question": "Еңбекке сұраныс",
    "variant": "осы еңбек өндiретiн өнiмге сұраныспен анықталады"
  },
  {
    "question": "Жұмыспен қамтылғандар – 8 млнадам, жұмыссыздар – 2млнадам, жұмыссыздық деңгейi қанша?",
    "variant": "20%"
  },
  {
    "question": "Жұмыспен толық қамтылу -  бiлдiредi:",
    "variant": "жұмыссыздықтың табиғи деңгейi барын"
  },
  {
    "question": "Экономикалық цикл  байланысты:",
    "variant": "AD динамикасына әсер ететiн факторлармен"
  },
  {
    "question": "Келесi құбылыстардың қайсысы экономикалық құлдырау кезеңiне  сәйкес келмейдi?",
    "variant": "жұмыссыздық бойынша жәрдемақы көлемiнiң азаюы"
  },
  {
    "question": "Құлдырау кезінде ең көп не қысқарады?",
    "variant": "кәсiпкерлiк пайданың мөлшерi"
  },
  {
    "question": "Энергоресурстар бағасының өсуi нені тудырады?",
    "variant": "ұсыныс инфляциясын"
  },
  {
    "question": "Шығындар инфляциясы  тууы мүкiн:",
    "variant": "жалақының өсуiнен"
  },
  {
    "question": "Сұраныс инфляциясы  өрiстейдi:",
    "variant": "AD қисығының оңға жылжуынан"
  },
  {
    "question": "Инфляциядан кімдер ұтады?",
    "variant": "кәсiпкерлер"
  },
  {
    "question": "1997 жылғы тұтыну бағаларының индексi 120%-ке, ал 1998 ж – 144%-ке тең болды 1998 ж инфляция деңгейi қаншаға тең?",
    "variant": "20%"
  },
  {
    "question": "“Ұсыныс экономикасы” теориясын жақтаушы:",
    "variant": "А.Лаффер"
  },
  {
    "question": "Егер номиналды табыс 8 % өсiп, ал баға деңгейi 10 % жоғарыласын, онда нақты табыс-",
    "variant": "2 % төмендейдi"
  },
  {
    "question": "Филипс қисығы инфляция деңгейiмен төмендегiлердiң қайсысының арасындағы байланысты көрсетедi?",
    "variant": "жұмыссыздық деңгейiнiң"
  },
  {
    "question": "Үдемелi инфляция кезiңде пайыз қойылымы-",
    "variant": "өседi, себебi ақшаның құны төмендейдi"
  },
  {
    "question": "Болжанбаған инфляцияның өсуiнiң әсерiнен байлық қалай бөлiнедi?",
    "variant": "несие берушiлерден қарыз алушыға"
  },
  {
    "question": "Инфляция мыналардың қайсысымен байланысты болуы мүмкiн?",
    "variant": "дамуы себептерiне байланысты ЖҰӨ-нiң өсуi немесе төмендеуiмен"
  },
  {
    "question": "Өндiрiстiң тоқырауымен және жоғары жұмыссыздықпен iлесетiн инфляция – бұл…",
    "variant": "стагфляция"
  },
  {
    "question": "Ұсыныс экономикасы теориясында стагфляция  салдары:",
    "variant": "салық салудың тым жоғарылығының"
  },
  {
    "question": "Күту жұмыссыздығы  пайда болады:",
    "variant": "нақты жалақы тепе – теңдiк деңгейiнен асып кеткенде"
  },
  {
    "question": "Жалпы инвестициялардың қысқаруы  басталады:",
    "variant": "сатудың өсу қарқыны төмендегенде"
  },
  {
    "question": "Қай көрсеткiштiң сандық мәнi өрлеу фазасында азайып, құлдырау  фазасында өседi?",
    "variant": "өңдеушi өнеркәсiптегi тауар қорларының көлемi"
  },
  {
    "question": "Мемлекет тек ақша массасының өсуiнiң бiркелкi қарқынын ұстанады Бұл теория:",
    "variant": "монетаристiк"
  },
  {
    "question": "МФридмен және оның жақтаушылары – үлес қосқан экономистер:",
    "variant": "ақшаның сандық теориясының эволюциясына"
  },
  {
    "question": "Экономикалық дамуда ақшаның рөлiн алдыңғы қатарға шығаратын макроэкономикалық теория – бұл…",
    "variant": "монетаризм"
  },
  {
    "question": "Монетаризм теңдеуi:",
    "variant": "MV=PQ"
  },
  {
    "question": "М1 құрамына кiретiндер:",
    "variant": "металл мен қағаз қолма-қол ақша және чектiк салымдар"
  },
  {
    "question": "Ақша қандай қызмет атқарады?",
    "variant": "айналыс құралы"
  },
  {
    "question": "Активтер жағынан ақшаға сұраныс ақшаның қай қызметiне байланысты?",
    "variant": "қорлану құралы"
  },
  {
    "question": "Ақшаға сұраныс дегенiмiз не?",
    "variant": "мәмiлелер үшiн және активтер жағынан ақшаға сұраныстың қосындысы"
  },
  {
    "question": "Егер мәмiлелер үшiн ақша жылда, орта есеппен, 5 айналым жасаса, онда",
    "variant": "айырбасты толығымен жүзеге асыруға қажеттi, сұраныс табатын ақша мөлшерi…"
  },
  {
    "question": "Күтілмеген инфляция салдарының бірі-байлық қалай бөлінеді:",
    "variant": "Несиелеушіден қарыз алушыға"
  },
  {
    "question": "Ақша ұсынысының көбеюi ұзақ мерзiмде неге әкеледi?",
    "variant": "өнiм көлемi өзгермейдi, бағалар деңгейi өседi"
  },
  {
    "question": "Активтер жағынан ақшаға сұраныс",
    "variant": "процент ставкасына керi пропорционалды"
  },
  {
    "question": "Қолма-қол ақша мен ағымдық шоттағы қаржы:",
    "variant": "М1"
  },
  {
    "question": "Iрi мерзiмдiк салымдар  құрамына кiредi:",
    "variant": "М3-ң"
  },
  {
    "question": "Төмендегiнiң қайсысын “ақшасымаққа”  (квазиденьги)  жатқызуға болмайды?",
    "variant": "кредиттiк кәртiшкелердi"
  },
  {
    "question": "Мәмілелер үшiн ақшаға сұраныс факторы ретiнде не көрiнедi?",
    "variant": "номиналды ЖҰӨ көлемi"
  },
  {
    "question": "С= а+в (У-Т) тұтыну функциясында қолма-қол табыс нолге тең болғанда, тұтыну қандай шама болады?",
    "variant": "а"
  },
  {
    "question": "Тауар сатып алуға және қарызды өтеуге пайдаланылатын ақша – бұл…",
    "variant": "айналыс құралы"
  },
  {
    "question": "Тауарлар мен қызметтер алуға деген ақшаға қажеттiлiкқалыптастырады:",
    "variant": "мәмiлелер үшiн ақшаға сұранысты"
  },
  {
    "question": "Айналысқа қажеттi ақша саны тiкелей пропорционалды:",
    "variant": "номиналда ЖҰӨ көлемiне"
  },
  {
    "question": "Егер номиналды ЖҰӨ 4000 млрд тг, ал мәмiлелер үшiн ақшаға сұраныс –   800 млрд тг болса онда:",
    "variant": "әрбiр теңге жылына 5 рет айналады"
  },
  {
    "question": "Ақша рыногiндегi салыстырмалы түрде тұрақты шама- ол",
    "variant": "ақша ұсынысы"
  },
  {
    "question": "Егер индекс түрінде өрнектелген баға деңгейін Р деп, ақша бірлігінің құндылығын D деп белгілесек, онда:",
    "variant": "D=1/Р"
  },
  {
    "question": "“Монетаристер ережесi” бойынша ақша ұсынысы  тең қарқынмен ұлғаюы керек",
    "variant": "ЖҰӨ-ң нақты көлемiнiн потенциалды өсу қарқынына"
  },
  {
    "question": "Егер бағалар өссе, онда…",
    "variant": "ақшаға сұраныс пен процент ставкасы өседi"
  },
  {
    "question": "Есептiк ставканың өсуi әкеледi:",
    "variant": "акциялар мен облигациялар бағасының төмендеуiне"
  },
  {
    "question": "Банк өз ресурстарын орналастырады –бұл…",
    "variant": "банктiң активтi операциясы"
  },
  {
    "question": "Кейнстiк мектеп экономистерiнiң  пiкiрi бойынша ақша кредит саясаты ең алдымен  қолданылуы керек",
    "variant": "ақша ұсынысының динамикасын бақылау үшiн"
  },
  {
    "question": "Мiндеттi резервтер нормасы енгiзiледi",
    "variant": "ақша массасын шектеу құралы ретiнде"
  },
  {
    "question": "Айналыстағы ақша массасын ұлғайту саясаты-бұл…",
    "variant": "арзан ақша саясаты"
  },
  {
    "question": "Есептiк ставканы өзгерткендегi орталық банктiң мақсаты:",
    "variant": "циклдық ауытқуларды бәсеңдету"
  },
  {
    "question": "Банктiң ақша жасауы қай кезде мүмкiн:болады?",
    "variant": "мемлекеттiк құнды қағаздарды сатып алғанда"
  },
  {
    "question": "Банктер несие берiп, ағымдық шоттар ашады Мұның нәтижесiнде ақша массасы",
    "variant": "депозиттер сомасынан артық шамаға өседi"
  },
  {
    "question": "Жеке банк резерв нормасы 10%, депозиттер сомасы 2000 тг болғанда, қанша сомаға жаңа ақша жасай алады?",
    "variant": "1800 тг"
  },
  {
    "question": "Коммерциялық банктiң орталық банктегi депозиттер сомасы   мен оның кассасындағы ақша - бұл…",
    "variant": "фактiлiк резервтер"
  },
  {
    "question": "Егер мiндеттi резервтер нормасы 100% болса, онда ақша мультипликаторының шамасы нешеге тең?",
    "variant": "1"
  },
  {
    "question": "Орталық банктiң ақша-кредиттiк саясатының ең жиi қолданылатын құралы…",
    "variant": "ашық рыноктағы операциялар"
  },
  {
    "question": "Орталық банктiң резерв нормасын белгiлеуiнiң мақсаты…",
    "variant": "коммерциялық банктердiң кредит беру қабылетiне әсер ету"
  },
  {
    "question": "Тежеушi ақша-кредит саясатын жүргiзу үшiн орталық банк не   iстеуi қажет?",
    "variant": "мiндеттi резервтер нормасын көтеру"
  },
  {
    "question": "Банкттiк мультипликатор неге тең?",
    "variant": "1/rr"
  },
  {
    "question": "Коммерциялық банктiң артық резервтерi – бұл…",
    "variant": "нақты және мiндеттi резервтер  арасындағы айырмашылық"
  },
  {
    "question": "Ақша базасы неден тұрады?",
    "variant": "C+R"
  },
  {
    "question": "Ақшаның жалпы массасы өседi, егер коммерциялық банктер-",
    "variant": "халыққа ұсынылатын несиелер көлемiн өсiрген жағдайда"
  },
  {
    "question": "Егер орталық банк халыққа мемлекеттiк бағалы қағаздарды үлкен көлемде сата бастаса, бұл шара неге әкеледi?",
    "variant": "коммерциялық банктер ұсынатын несиелер көлемiнiнiң азаюына"
  },
  {
    "question": "Егер орталық банк халықтан мемлекеттiк бағалы қағаздарды үлкен көлемде сатып алатын болса, онда…",
    "variant": "коммерциялық банктердiң резервтерi  артады"
  },
  {
    "question": "Банк активтерiнiң оның пассивтерiнен артық шамасы - бұл…",
    "variant": "банктiң меншiктiк капиталы"
  },
  {
    "question": "Банкт активтерiне не жатады?",
    "variant": "қолма-қол ақша, банк меншiгi мен резервтерi"
  },
  {
    "question": "Салымдар бойынша төлемдердi қамтамасыз ету үшiн банк  мiндеттi:",
    "variant": "салымдардың бiр бөлiгiн резервте ұстап, артығын несиеге беруге"
  },
  {
    "question": "Арзан ақша саясатына келесi шаралар енедi:",
    "variant": "мемлекеттiк құнды қағаздарды сатып алу"
  },
  {
    "question": ". Коммерциялық банк жүйесi қарызға ақша берiп, ағымдық шоттар  еңгiзедi Мұның нәтижесiнде ақша массасы",
    "variant": "депозиттер сомасынан артық шамаға өседi"
  },
  {
    "question": "IS және LM қисықтарының қиылысу нүктесiнде…",
    "variant": "тауарлар мен ақша нарығында тепе-теңдiк орнайды"
  },
  {
    "question": "Мемлекеттiк шығыстардың өсуi IS қисығын  жылжытады:",
    "variant": "жоғары-оңға"
  },
  {
    "question": "Салықтардың өсуi IS қисығын  жылжытады:",
    "variant": "төмен-солға"
  },
  {
    "question": "Егер ақша ұсынысы азайса, онда жиынтық сұраныстың қисығы  жылжиды?",
    "variant": "төмен-солға"
  },
  {
    "question": "IS қисығы ненi анықтайды?",
    "variant": "табыс пен пайыздық қойылымының тепе-теңдiк деңгейiн"
  },
  {
    "question": "Егер ақшаның сандық теориясы дұрыс болса, онда LM қисығының-",
    "variant": "көлбеулiгi жоғары-оңға"
  },
  {
    "question": "Ақша ұсынысының азаюы жылжытады:",
    "variant": "LM қисығын жоғары"
  },
  {
    "question": "Төменгi айнымалылардың қайсысының өзгерiсi IS қисығын жылжытпайды?",
    "variant": "пайыз қойылымының"
  },
  {
    "question": "Ақша ұсынысы өседі, егер …",
    "variant": "ақша базасы өссе"
  },
  {
    "question": "Егер нарықтық баға тепе-теңдік бағадан төмен болса, онда ...",
    "variant": "сұраныс ұсыныстан артады"
  },
  {
    "question": "IS-LM моделiндегi эндогендi айнымалы – бұл",
    "variant": "табыс"
  },
  {
    "question": "Бағаның өсуімен тауарлар мен қызметтердің ұсынысы артады – бұл .. көрінісі.",
    "variant": "ұсыныс заңының"
  },
  {
    "question": "IS қиысығы жатаған болады, еге",
    "variant": "инвестициялар  процент өзгерiсiне жоғары сезiмтал болса"
  },
  {
    "question": "Адам мен қоғамның өмір сүруі мен дамуы үшін қажетті тауарларды (өнімдер мен қызметтерді) шығару үрдісі ... деп аталады",
    "variant": "өндіріс"
  },
  {
    "question": "Сұранысқа қандай факторлар әсер етеді?",
    "variant": "Тұтынушылардың талғамы мен табысы"
  },
  {
    "question": "Жабық экономикадағы мемлекет саясатының қайсысы жиынтық сұраныс пен пайыз мөлшерлемесінің ұлғаюына әсер етедi?",
    "variant": "фискалдық экспансия (ынталандыру)"
  },
  {
    "question": "Ұлғаймалы ұдайы өндіріс...",
    "variant": "экономикалық өсумен сипатталады"
  },
  {
    "question": "LM қисығы жатық орналасқанда ...",
    "variant": "фискалдық саясат тиiмдi"
  },
  {
    "question": "JS қисығы тiк орналасқанда ...",
    "variant": "фискалдық саясат тиiмдi"
  },
  {
    "question": "JS – LM моделiндегi JS қисығы нені көрсетедi?",
    "variant": "Пайыз мөлшерлемесінің төмендегенде табыс өскенін"
  },
  {
    "question": "Демпинг – бұл…",
    "variant": "тауарларды сыртқы рынокта өзіндік құнынан төмен бағамен сату"
  },
  {
    "question": "Таза экспорттың шамасы …",
    "variant": "процент ставкасы мен ЖIӨ-ге керi тәуелдi"
  },
  {
    "question": "Төлем балансының тапшылығы ... қаржыландырылады.",
    "variant": "шетел валютасы резервiн пайдалану арқылы"
  },
  {
    "question": "Аралас экономикадағы кірістер мен шығыстар айналымы ... өзара әрекеттесуін сипаттайды:",
    "variant": "үй шаруашылықтардың, фирмалардың, мемлекеттің"
  },
  {
    "question": "Егер импорттық тауарлардың бағасы өссе, бұл ... әсерiнен болуы мүмкiн:",
    "variant": "жалпы ұсыныстың қысқаруының"
  },
  {
    "question": "Ағымдық операциялар шотына не кiрмейдi?",
    "variant": "Елдiң шетелдегi активтерiндегi өзгерiстер"
  },
  {
    "question": "Егер Орталық банктiң ресми валюта қоры өзгермесе, онда ...",
    "variant": "елдiң төлем балансының сальдосы нөлге тең"
  },
  {
    "question": "Төлем балансының тапшылығын азайту үшiн мемлекет сыртқы сауданы бақылауда ұстауды ұйғарады. Мұның нәтижесiнде не төмендейдi?",
    "variant": "Елдiң импорты"
  },
  {
    "question": "Икемдi валюта курсы жағдайында ...",
    "variant": "монетарлық саясат тиiмдi"
  },
  {
    "question": "Экспорттық бағалардың импорттық бағаларға қатынасы – бұл …",
    "variant": "сауда шарты"
  },
  {
    "question": "Импорттық баж салығы мен импорттық квотаның айырмашылығына  келсек – тек баж салығы ғана ...",
    "variant": "бюджетке табыс әкеледi"
  },
  {
    "question": "Орталық банктiң иелiгiндегi шетел валютасы – бұл…",
    "variant": "ресми резертер"
  },
  {
    "question": "Nx мөлшерi оң мәндi болғанда, экономикада ...",
    "variant": "әлемдiк қаржы рыноктарында қарыз берушi ролiн атқарамыз"
  },
  {
    "question": "Шағын ашық экономикада нақты пайыз қойылымы ...",
    "variant": "нақты әлемдiк пайыздық қойылымына тең"
  },
  {
    "question": "Егер шығарылым мөлшерi iшкi шығыстардың орнын толтырмайтын болса, онда айырмашылық ...",
    "variant": "импортқа шығарылады"
  },
  {
    "question": "Таза экспорт мөлшерi оң мәндi болудың жағдайы - ...",
    "variant": "шығарылым мөлшерi iшкi шығыстардан асып түседi"
  },
  {
    "question": "Үкiметтiң шағын ашық экономикада мемлекеттiк сатып алуды төмендетуi нәтижесiнде ... туады:",
    "variant": "ағымдағы операциялар шотын оң мәндi сальдосы"
  },
  {
    "question": "Шағын ашық экономикада салықтарды азайту нәтижесiнде ... туады:",
    "variant": "ағымдағы төлем балансы шотының тапшылығы"
  },
  {
    "question": "Шағын ашық экономикада салықтарды көбейту нәтижесiнде ... туады:",
    "variant": "ағымдағы операциялар шотының оң мәндi сальдосы"
  },
  {
    "question": "Табыс деңгейі У=10000 теңге, салықтар Т=1000 теңге болса, онда С=2500+0,5 (У-Т) функциясындағындайғы  тұтыну көлемінің шамасы қандай?",
    "variant": "7000"
  },
  {
    "question": "Егер капитал қозгалысы шотынын (I-S) сальдосы оң мәндi болса, онда ...",
    "variant": "экспортқа  қарағанда тауарларды шеттен көбiрек әкелемiз"
  },
  {
    "question": "Шет елдерiндегi ынталандырушы бюджет салық саясаты елдiң шағын ашық экономикасында ...",
    "variant": "экспортты көбейтедi"
  },
  {
    "question": "Ашық экономикадағы жиынтық сұраныс қисығы жоғары жылжиды, егер ...",
    "variant": "ұлттық валютаның айырбастау курсы төмендеcе"
  },
  {
    "question": "Нақты әлемдiк пайыз қойылымы iшкi нақты пайыз қойылымы деңгейiнен асып түскен кезде,  экономикада ... орын алады:",
    "variant": "(Nx) ағымдағы шотының оң мәндi сальдосы"
  },
  {
    "question": "Нақты әлемдiк пайыз қойылымы iшкi нақты пайыз қойылымынан төмен болса онда экономикада ... орын алады:",
    "variant": "(Nx) ағымдағы шотының терiс мәндi сальдосы"
  },
  {
    "question": "Тауарлар мен қызметтердің импорты да, экспорты да жоқ экономика ... деп аталады.",
    "variant": "жабық экономика"
  },
  {
    "question": ". Қай жылы Қазақстанда ұлттық валюта – теңге - енгізілді?",
    "variant": "1993 жылы"
  },
  {
    "question": "Жалпы инвестициялар қандай жағдайда ескеріледі?",
    "variant": "Шығын ағымы бойынша ЖҰӨ есептеу кезінде"
  },
  {
    "question": "Номиналды валюталар айырбас бағамы дегенiмiз – бұл ...",
    "variant": "екi елдiң валюталарының салыстырмалы бағасы"
  },
  {
    "question": "Нақты айырбас бағамы дегенiмiз – бұл ...",
    "variant": "екi елде өндiрiлген тауарлардың салыстырмалы бағасы"
  },
  {
    "question": "Егер нақты айырбас бағамы жоғары болатын болса, онда …",
    "variant": "отандық тауарлар салыстырмалы қымбат болады"
  },
  {
    "question": "Шетелдiк валюталарға қатысты теңге қымбаттағанда елдiң кез-келген адамы...",
    "variant": "бұрынғы ақша сомасына шетелдiң валютасын көбiрек сатып алады"
  },
  {
    "question": "Девальвация – бұл ...",
    "variant": "айырбас бағамының бекiтiлген деңгейiнің төмендеуі"
  },
  {
    "question": "Белгiлi бiр пропорцияда ескi ақша белгiлерiн жаңасына айырбастап, ақша бiрлiгiн күшейту – бұл…",
    "variant": "деноминация"
  },
  {
    "question": "«Ұдайы өндіріс» терминін алғашқы қолданған ғалым - ...",
    "variant": "Ф.Кенэ"
  },
  {
    "question": "Ұлттық валютаның бағамын төмендету ... әкеледi:",
    "variant": "ұтымды экспортқа және тиiмсiз импортқа"
  },
  {
    "question": "Валюта бағамы ... анықталады.",
    "variant": "валюталардың сатып алу қабілеттiлiгi паритетiмен"
  },
  {
    "question": "Шет ел валютасын пайдалану – бұл…",
    "variant": "төлем балансының дебетi"
  },
  {
    "question": "Әртүрлi елдердiң Орталық банктерi валюта курсының тербелiстерiн азайту мақсатында шетел валютасын сату – бұл…",
    "variant": "еркiн қалқушы валюта жүйесi"
  },
  {
    "question": "Сатып алу паритеті қандай заңға сәйкес келеді?",
    "variant": "бiрiңғай баға заңына"
  },
  {
    "question": "Елдің валюталық түсімдері мен оның шетелдегі төлемдерінің ара-қатынасы – бұл…",
    "variant": "төлем балансы"
  },
  {
    "question": "Егер Ресей бағалары Қазақстандағы бағалардан жылдамырақ өсетiн  болса, онда уақыт мерзiмi өткен соң теңгеге-",
    "variant": "ресейлiк сомдарды көбiрек сатып алуға болады"
  },
  {
    "question": "Егер Қазақстанның ЖҰӨ көлемi қысқарса, икемдi валюталық курс жүйесi жағдайында...",
    "variant": "импорт және теңгенiң бағасы өседi"
  },
  {
    "question": "Үкiметтiң импорттық автомобильдерге шектеу енгiзу саясаты неге әкеледi?",
    "variant": "тепе-теңдiк нақты айырбас бағамын көтередi"
  },
  {
    "question": "Төмендегiнiң қайсысы ұлттық валютаның айырбас бағамын көтеруге себепшi болады?",
    "variant": "елдегi еңбек өнiмдiлiгi деңгейiнiң көтерiлуi"
  },
  {
    "question": "Егер ұлттық валюта ревальвацияланса, онда...",
    "variant": "экспортқа бағытталған салалар зардап шегедi"
  },
  {
    "question": "Шағын ашық экономикада мемлекеттiк сатып алуын көбейту нәтижесiнде-",
    "variant": "ұлттық жинақтар деңгейi төмендейдi"
  },
  {
    "question": "Егер атаулы пайыз мөлшерлемесі 10%, ал инфляция қарқыны жылына 4% құрайтын болса, онда  нақты пайыз мөлшерлемесі қанша құрайды?",
    "variant": "6%"
  },
  {
    "question": "Басқа жағдайлар өзгермегендегі елдің экспортының ұлғаюы…",
    "variant": "жалпы сұранысты да, ұлттық табысты да ұлғайтады"
  },
  {
    "question": "С= а+в (У-Т) тұтыну функциясының негізін салушы:",
    "variant": "Кейнс"
  },
  {
    "question": "Егер бекiтiлген валюта бағамы жағдайында инфляцияның жоғары деңгейi байқалса, онда мемлекетте…",
    "variant": "экспорт қысқарып, импорт өседi"
  },
  {
    "question": "Экономикалық өсудiң интенсивтi типiне... өсiру арқылы қол жеткiзуге болады.",
    "variant": "еңбек өнiмдiлiгiн"
  },
  {
    "question": "Дамыған елдердегi экономикалық өсудiң басты себептерiнiң бiрi...",
    "variant": "өндiрiстегi технология өзгерiстерi"
  },
  {
    "question": "Еңбек өнiмдiлiгiн келесi қатынаспен өлшейдi:",
    "variant": "нақты өнiм көлемiнiң еңбек санына"
  },
  {
    "question": "Төмендегi көрсеткiштердiң қайсысы еңбек өнiмдiлiгiнiң өсуiне әсер етпейдi?",
    "variant": "еңбекшiлер санының өсуi"
  },
  {
    "question": "Төмендегi теңдеулердiң қайсысы дұрыс?",
    "variant": "өнiм көлемi = еңбек х еңбек өнiмдiлiгi"
  },
  {
    "question": "Экономикада - 50 жұмысшы бар деп есептесек, әрбiреуi 3000 сағат жұмыс iстейдi Еңбек өнiмдiлiгi сағатына 8 доллар болса, онда жалпы өндiрiлген өнiм көлемi:",
    "variant": "1200 000 доллар"
  },
  {
    "question": "Төмендегiнiң қайсысы экономикалық өсудiң факторы болып табылмайды?",
    "variant": "еңбектi қорғау заңнамасы"
  },
  {
    "question": "“AD - AS” моделiнде экономикалық өсуі қалай көрінеді?",
    "variant": "AS қисығы оңға жылжыйды"
  },
  {
    "question": "Жұмыс күшiнiң ауыл шаруашылығынан өндiрiске (тарихи) ауысуы…",
    "variant": "орташа еңбек өнiмдiлiгiнiң өсуiне әкеледi"
  },
  {
    "question": "Егер жұмыспен толық қамтылған экономикада өндiрiс құралдарының өндiрiсiне ресурстардың көп бөлiгi ауысса, ненi күтуге болады?",
    "variant": "еңбек өнiмдiлiгiнiң өсуiн"
  },
  {
    "question": "Жұмыспен толық қамтылуымен сипатталатын экономикада экономикалық өсудiң жоғары қарқыны нені қажет етедi?",
    "variant": "жоғары жинақ нормасы мен жоғары инвестицияның нормасын"
  },
  {
    "question": "Бөлу – бұл ...",
    "variant": "өндіріс үрдісіне қатысушылардың үлестерін анықтау"
  },
  {
    "question": "Тауарларды өндіру, айырбастау, бөлу және тұтыну саласындағы мемлекеттік іс-шаралардың мақсатты жүйесі ... деп аталады",
    "variant": "экономикалық саясат"
  },
  {
    "question": "Айырбастау саласындағы алтынды алмастыратын мемлекет шығарған, қабылдауға міндетті ақша белгілері ...",
    "variant": "қағаз ақша"
  },
  {
    "question": "Орталықтандырылған, жоспарлы, тоталитарлық жүйе:",
    "variant": "әкімшілік – әміршілік жүйесі"
  },
  {
    "question": "Ұдайы өндіріс – бұл ...",
    "variant": "өндіріс, бөлу, айырбас, тұтыну"
  }
]