[
  {
    "question": "Жұмыс уақытының түрлерін атаңыз?",
    "variant": "қысқартылған және толық емес"
  },
  {
    "question": "Қысыммен жұмыс iстейтiн ыдысты не үшiн сынайды?",
    "variant": "ыдыстың берiктiгi мен тығыздылығын анықтау"
  },
  {
    "question": "Қысыммен жұмыс iстелiнетiн ыдысты саңлаусыздандыруға сынақ жылына неше рет жүргiзiледi?",
    "variant": "1 рет"
  },
  {
    "question": "Қысыммен жұмыс iстейтiн ыдыс гидравликалық сынақтан неше жылда бiр рет өтiледi?",
    "variant": "8 жылда 1 рет"
  },
  {
    "question": "Қол тележкаларының ең жоғарғы жүк көтергiштiгiн неше килограмға есептейдi?",
    "variant": "500 кг"
  },
  {
    "question": "Қол тележканың жүктi тасымалдау жылдамдығы секундына қанша болу керек?",
    "variant": "0,5 м/с"
  },
  {
    "question": "Цехтың iшiне көпiрлiк кранды орнату кезiнде ферманың төменгi белдеуiнен кранның тележкасына дейiнгi ең төменгi арақашықтық қанша болуы керек?",
    "variant": "100 мм"
  },
  {
    "question": "Жеңiл және тоқыма өнеркәсiптерiнде орта есеппен неше пайыз жарақаттар жүктi салу-түсiру және тасымалдау жұмыстарымен байланысты?",
    "variant": "10 %"
  },
  {
    "question": "Көлбеу беттермен жүктi тасымалдау кезiнде беттiң жүктi тiк көтеру биiктiгi қаншадан асып кетпеуi керек?",
    "variant": "3 м"
  },
  {
    "question": "ТЖ кезінде жұмысшыларды ғимараттан эвакуациялау іс-шаралары қалай жүргңзңледі?",
    "variant": "эвакуациялау жоспары бойынша"
  },
  {
    "question": "2021 жылында Еңбек кодексі қанша баптан тұрады ?",
    "variant": "204"
  },
  {
    "question": "Жұмысшылардың еңбек қауіпсіздік ережелерін бұзғаны үшін жауапкершіліктің қааі түрі қате көрсетілген?",
    "variant": "өнеркісіптік"
  },
  {
    "question": "Еңбек қорғау заңдарын бұзғаны жөнінде лауазымды адамдарға ақшалай айып пұл салу жауапкершіліктің қай түрінде қарастырылған?",
    "variant": "әкімшілік"
  },
  {
    "question": "Алғашқы өрт сөндiргiш құралдардағы, әсiресе оның iшiндегi ОХП-10 өртсөндiргiшiнiң агрегаттық күйi қандай?",
    "variant": "сұйық"
  },
  {
    "question": "АТИМ типтi өрттi хабарлағыш датчиктер неге сезiнiп жұмыс iстейдi?",
    "variant": "жылуға"
  },
  {
    "question": "ДПС-038 типтi өрт хабарлағыш датчиктер неге сезiнiп жұмыс iстейдi?",
    "variant": "хром-капельді термопаралар"
  },
  {
    "question": "АТИМ типтi өрттi хабарлағышта сезiнгiш элемент ретiнде не қолданылады?",
    "variant": "биметалдан жасалынған пластина"
  },
  {
    "question": "ДТЛ типтi өрттi хабарлағыштың қорғау аймағының өлшемi шамамен қанша ?",
    "variant": "15, м2"
  },
  {
    "question": "Зейнетке шығу жас мөлшері?",
    "variant": "63 жаста"
  },
  {
    "question": "Жеке адамның, мүліктің, қоғам мен мемлекеттің өртке қарсы қорғалуының жай-күйі?",
    "variant": "өрт қауіпсіздігі"
  },
  {
    "question": "Өрт сөндiретiн гидранттарды су құбыры желiсiнен қандай арақашықтықта орналастыруға болады?",
    "variant": "100 м"
  },
  {
    "question": "Өртке қарсы қойылатын арнайы қабырғалардың санын қандай факторға байланысты анықтайды?",
    "variant": "ғимараттың ауданына"
  },
  {
    "question": "Ауа-механикалық көбiктiң құрамы неден тұрады?",
    "variant": "90% ауадан; 9,69,8%судан; 0,20,4% кт"
  },
  {
    "question": "Құрылыс материалдары өзiнiң жану дәрежесiне байланысты жанбайтын заттарға бөлiнедi, оған қандай зат жатады?",
    "variant": "бетон"
  },
  {
    "question": "Құрылыс материалдары өзiнiң жану дәрежесiне байланысты жанатын заттарға бөлiнедi, оған қандай зат жатады?",
    "variant": "қағаз"
  },
  {
    "question": "Құрылыс материалдары өзiнiң жану дәрежесiне байланысты қиын жанатын заттарға бөлiнедi, оған қандай зат жатады?",
    "variant": "ксилобетон"
  },
  {
    "question": "Метан газының ауамен қосылып жанған кездегi төменгi жарылу шегi қаншаға % тең?",
    "variant": "6%"
  },
  {
    "question": "Өрт сөндiргiш спринклерлiк қондырғыны жұмысқа қосу үшiн, қандай тәсiлдi қолдануға болады?",
    "variant": "автоматикалық жолмен қосу"
  },
  {
    "question": "Өртке қарсы қойылатын қабырғалардың өртке қарсы тұру дәрежесiнiң шегi қанша сағаттан кем болмауы керек?",
    "variant": "2,5, сағ"
  },
  {
    "question": "Дренчерлiк қондырғылар қандай тәсiлмен өрттi сөндiрудi iске асырады?",
    "variant": "көлемдiк сөндiру әдісімен"
  },
  {
    "question": "Атмосфералық ауада оттегiнiң мөлшерi қанша болғанда жанғыш заттардың жануы тоқталады?",
    "variant": "15%"
  },
  {
    "question": "Өндiрiс кәсiпорындарының ауласында пайда болған өрттердi өшiру үшiн, есептелiнетiн судың шығыны қандай факторларға байланысты?",
    "variant": "ғимараттың көлемiне өртке қарсы тұру дәрежесiне"
  },
  {
    "question": "Заттар мен материалдардың жанғыш зат болуы қандай жәйттерге байланысты?",
    "variant": "химиялық құрылымына"
  },
  {
    "question": "Жанғыш газдардың жарылыс-өрт қауiптiлiгiнiң қандай қасиеттерi жарылыс уақытын анықтайды?",
    "variant": "сұйық заттардың тұтану шегi"
  },
  {
    "question": "Көрсетiлген жолдардың қайсысы өрт кезiнде адамдарды эвакуациялау үшiн жарамсыз деп ойлайсыз?",
    "variant": "лифтiлер мен эскалаторлар"
  },
  {
    "question": "Электрқондырғылар мен электр сымдар жанғанда өрттi сөндiру үшiн қандай өртсөндiргiштердi қолдануға болады?",
    "variant": "көмiрқышқылды өртсөндiргiштердi"
  },
  {
    "question": "Жану процессінің пайда болуы үшін қандай заттардың өзара әрекеттесуі қажет?",
    "variant": "жанатын зат, оталу көзі, оттегі"
  },
  {
    "question": "Өнеркәсiп кәсiпорындарында өрттi сөндiрудiң есептелiнген ұзақтығы қанша сағат болуы керек?",
    "variant": "3 сағ"
  },
  {
    "question": "Өндiрiстiң iшiне қойылған алғашқы өртсөндiргiштер еденнен қандай биiктiкте орнатылады?",
    "variant": "1,35 м"
  },
  {
    "question": "Қатты заттардың бетiмен таралатын жалынның жылдамдығы қанша болуы мүмкiн?",
    "variant": "4 м/минут"
  },
  {
    "question": "Сұйық заттардың бетiмен таралатын жалынның жылдамдығы қанша болуы мүмкiн?",
    "variant": "30 м/минут"
  },
  {
    "question": "Түтiн шығаратын люктердiң ауданының қимасықандай жәйтке (факторғ<variant> байланысты мөлшерленедi?",
    "variant": "өндiрiс жайының ауданын"
  },
  {
    "question": "Эвакуациялық шығыстың саны құжат бойынша кем дегенде қанша болуы керек?",
    "variant": "2"
  },
  {
    "question": "Өрттi сөндiруге қолданылатын көмiрқышқыл газы қандай түрде қолданылады?",
    "variant": "қысылған"
  },
  {
    "question": "Цехтың неше метр ауданына бiр өртсөндiргiш қойылады?",
    "variant": "100 м2"
  },
  {
    "question": "Бiр iшкi өрт сөндiргiш шөлмектен шығатын судың өтімі қанша болуы мүмкiн?",
    "variant": "2,5 л/с"
  },
  {
    "question": "Өрт сөндiргiш гидранттар ғимараттың қабырғасынан кем дегенде неше метрден кейiн орнатылуы мүмкiн?",
    "variant": "5 м"
  },
  {
    "question": "Өрт сөндiргiш гидранттар жолдан кем дегенде неше метрден кейiн орнатылуы мүмкiн?",
    "variant": "2 м"
  },
  {
    "question": "Қысымы жоғары су құбырлары үшiн өрт сөндiргiш гидранттан өрттi өшiретiн жерге дейiнгi аралық қанша метрден асып кетпеуi керек?",
    "variant": "100 м"
  },
  {
    "question": "Кернеуде тұрған электро қондырғылар жанған кезде қандай өрт сөндiргiштi қолдануға болады?",
    "variant": "ОУ-2"
  },
  {
    "question": "Үстеме жұмыстарға жіберілмейтін жас мөлшері?",
    "variant": "17"
  },
  {
    "question": "Қайталама нұсқаулықты өткізіп тіркейтін жауапы қызметкер:",
    "variant": "еңбек қорғау инженері"
  },
  {
    "question": "Қауіпсіздік нұсқаулықтың қай түрін еңбек қорғау инженері жүргізеді?",
    "variant": "бастапқы жұмыс орнындағы нұсқаулық"
  },
  {
    "question": "1 литр суды 1 градусқа қыздыру үшiн қанша Кило-Джоуль жылу жұмсалынады?",
    "variant": "4,2"
  },
  {
    "question": "Өндірістік бөлмелердің метеорологиялық жағдайлары қандай параметрлермен сипатталады?",
    "variant": "температура, ылғалдылық, ауа қозғалысының жылдамдығы"
  },
  {
    "question": "Жану процесiн тоқтатудың қандай тәсiлi бар?",
    "variant": "мұздату"
  },
  {
    "question": "Шаң-тозаңның төменгi концентрациялық тұтану шегi қанша болғанда, өндiрiс жайын жарылыс қауiптiлiгi тобына жатқызуға болады.",
    "variant": "65, г/м3 шейiн"
  },
  {
    "question": "Шаң-тозаңның төменгi концентрациялық тұтану шегi қанша болғанда, өндiрiс жайын өрт қауiптiлiгi тобына жатқызуға болады.",
    "variant": "65, г/м3 жоғары"
  },
  {
    "question": "Өндiрiс ғимараттары жанған кезде жану температурасы қаншаға дейiн көтерiлуi мүмкiн?",
    "variant": "13000С"
  },
  {
    "question": "Қандай тәсiлдермен металдан жасалынған конструкцияның отқа төзiмдiлiк шегiн көтеруге болады.",
    "variant": "плиталармен қаптау арқылы"
  },
  {
    "question": "Салыстырмалы ылғалдылық қандай өлшем бірлікпен сипатталады?",
    "variant": "пайыз"
  },
  {
    "question": "Ауа желдету жүйесінің негізгі мақсаты",
    "variant": "ауаны тазарту"
  },
  {
    "question": "Жұмыс беруші мен жұмысшы арасындағы заңдық күші бар құжат?",
    "variant": "еңбек шарты"
  },
  {
    "question": "Шұғыл өрт сөндіру қызметінің байланыс номері?",
    "variant": "101"
  },
  {
    "question": "Ауа-механикалық көбiктiң өзiне тән емес қасиетiн бiлесiз?",
    "variant": "жоғарғы жылдамдыққа ие болу"
  },
  {
    "question": "Шаң тозаңдардың төменгi концентрациялық тұтану шегi қандай жәйттерге байланысты?",
    "variant": "ылғалдылығы, майдалылығы"
  },
  {
    "question": "Әрбiр iшкi өрттi өшiруге қолданылатын өрт сөндіру крандары ұзындығы қанша метрлiк өртке су себетiн шлангамен қамтамасыз етіледi?",
    "variant": "20 м"
  },
  {
    "question": "Әрбiр iшкi өрттi өшiруге қолданылатын өрт сөндіру крандары диаметрi қанша метрлiк өртке су себетiн шлангамен қамтамасыз етіледi?",
    "variant": "65 мм"
  },
  {
    "question": "ОХП-10 өртсөндiргiштерiнiң зарядтары қандай бөлiмдерден тұрады?",
    "variant": "қышқылдардан және сiлтiлерден"
  },
  {
    "question": "Барлық ғимараттар өртке қарсы тұруына байланысты қанша дәрежеге бөлiнедi?",
    "variant": "8"
  },
  {
    "question": "Қысымы төмен су құбырлары үшiн өрт сөндiргiш гидранттан өрттi өшiретiн жерге дейiнгi аралық қанша метрден асып кетпеуi керек?",
    "variant": "150 м"
  },
  {
    "question": "Адамдарды эвакуациялау жолдарында есiктiң енi кем дегенде неше метрден кем болмауы керек?",
    "variant": "0,8 м"
  },
  {
    "question": "Адамдарды эвакуациялау жолдарында дәлiздiң енi кем дегенде неше метрден кем болмауы керек?",
    "variant": "1,4 м"
  },
  {
    "question": "Адамдарды эвакуациялау жолдарында баспалдақ алаңдарының енi кем дегенде неше метрден кем болмауы керек?",
    "variant": "1,15 м"
  },
  {
    "question": "Баспалдақ маршының көлденең жазықтықтағы көлбеу бұрышы қанша болуы керек?",
    "variant": "24030"
  },
  {
    "question": "Баспалдақ маршындағы текпешектiң биiктiгi қаншадан асып кетпеуi керек?",
    "variant": "15 см"
  },
  {
    "question": "Баспалдақ маршындағы текпешектiң енi қаншадан асып кетпеуi керек?",
    "variant": "30 см"
  },
  {
    "question": "Сұйықтар, тұтану температурасына байланысты қандай кластарға бөлiнедi?",
    "variant": "тез тұтанатын сұйықтар, жанғыш сұйықтар"
  },
  {
    "question": "Кәсiпорынның ауласында неше шаршы метрге бiр өртке қарсы қойылатын қалқан болуы керек?",
    "variant": "5000 м2"
  },
  {
    "question": "Жазатайым оқиғасы орын алған кезде тіркеу жіне тергеу комиссиясы қанша уақытта құрылады?",
    "variant": "24 сағатта"
  },
  {
    "question": "Жүк көтеретiн және тасымалдайтын механизмдер қандай сынақтардан өтiлуi керек?",
    "variant": "статикалық, динамикалық"
  },
  {
    "question": "Динамикалық сынақ қалай жүргiзiледi?",
    "variant": "10% артық жүктi екi рет түсiру арқылы"
  },
  {
    "question": "Статикалық сынақтың сынау ұзақтығы қаншама?",
    "variant": "10 мин"
  },
  {
    "question": "Жүк көтеретiн және тасымалдайтын механизмдерге жұмыс iстеуге қандай адамдар жiберiледi?",
    "variant": "жасы 18-ден бастап"
  },
  {
    "question": "Жүк көтеретiн және тасымалдайтын механизмдердiң қауiпсiз жұмыс iстеуiне және оның техникалық жағдайына кiм жауап бередi?",
    "variant": "инженер-техникалық қызметкерлер"
  },
  {
    "question": "Жарықтылық қандай өлшеммен өлшенедi?",
    "variant": "люкс (лк)"
  },
  {
    "question": "Жұмысшы себепсіз еңбек қорғау бойынша оқытуды өтпеді. Оған төменде келтірілген шаралардың, біреуінен басқасын, қолдануға болады. Ол кайсы?",
    "variant": "Жұмыс беруші жұмысшыны жұмысқа кірісуге рұқсат етпеді, одан кейін жұмыстан босатты"
  },
  {
    "question": "Жарықтың ашықтығы қандай өлшеммен өлшенедi?",
    "variant": "кандела/м2"
  },
  {
    "question": "Газоразрядты лампалардың жарық беруi қаншаға шейiн?",
    "variant": "100 лм/Вт"
  },
  {
    "question": "Газоразрядты лампалардың қызмет ету мерзiмi қанша?",
    "variant": "10000 cағ. дейiн"
  },
  {
    "question": "Шу дегенiме дейнгі не?",
    "variant": "әр түрлі жиіліктегі дыбыстардың жиынтығы"
  },
  {
    "question": "Қандай жиiлiк аралығында адамның есiту мүшесi естiлетiн дыбысты созылмалы ортада қабылдайды?",
    "variant": "20-20000 Гц"
  },
  {
    "question": "Еңбек қорғауда қандай функциялар мемлекетке жүктелмеген?",
    "variant": "еңбек қорғауда жұмысшылардың құқықтары мен заңдық қызығушылықтарын сақтауды қадағалайтын ұйым"
  },
  {
    "question": "Жүктілікке және бала (балаларды) тууға, жаңа туған баланы (балаларды) асырап алуға байланысты 1-ші, 2-ші және 3-ші балаға берілетін бір жолғы жәрдемақының мөлшері?",
    "variant": "38 АЕК"
  },
  {
    "question": "Жүктілікке және бала (балаларды) тууға, жаңа туған баланы (балаларды) асырап алуға байланысты 4-ші балаға берілетін бір жолғы жәрдемақының мөлшері?",
    "variant": "63 АЕК"
  },
  {
    "question": "Бала тууға, жаңа туған баланы асырап алуға байланысты, бала 1 жасқа толғанға дейн оның күтіміне берілетін 1-ші және 2-ші балаға берілетін жәрдемақының мөлшері?",
    "variant": "5,76 және 6,81 АЕК"
  },
  {
    "question": "Бала тууға, жаңа туған баланы асырап алуға байланысты, бала 1 жасқа толғанға дейн оның күтіміне берілетін 3-ші және 4-ші балаға берілетін жәрдемақының мөлшері?",
    "variant": "7,85 және 8,9 АЕК"
  },
  {
    "question": "Жаңа туған баланы (балаларды) асырап алған жұмыскерлерге (ата-ананың біреуіне) баланы асырап алған күннен бастап және бала туған күннен бастап қанша күн өткенге дейінгі кезеңге демалыс беріледі?",
    "variant": "56"
  },
  {
    "question": "Жұмыс беруші жұмыскерге жаңа туған баланы (балаларды) асырап алған жұмыскерге бала қанша жасқа толғанға дейін оның күтіміне байланысты жалақы сақталмайтын демалыс беруге міндетті?",
    "variant": "3 жыл"
  },
  {
    "question": "Бала үш жасқа толғанға дейін оның күтіміне байланысты жалақы сақталмайтын демалыс аяқталғанға дейін жұмысқа шыққан жағдайда, жұмыскер жұмыс берушіні өзінің ниеті туралы жұмыс басталғанға дейін қанша ай бұрын хабардар етуге міндетті?",
    "variant": "1 ай бұрын"
  },
  {
    "question": "Өндірістік ортадағы шудың өлшем бірлігі?",
    "variant": "дБ"
  },
  {
    "question": "Өндірістік ортадағы шуды өлшейтін аспап?",
    "variant": "Шумомер"
  },
  {
    "question": "Өндірістік ортадағы дірілдің өлшем бірлігі?",
    "variant": "Гц"
  },
  {
    "question": "Өндірістік ортадағы температураның өлшем бірлігі?",
    "variant": "0C"
  },
  {
    "question": "Бір жұмысшы үшін өндіріс аймағының көлемі қанша болады?",
    "variant": "15 м3"
  },
  {
    "question": "Бір жұмысшы үшін өндіріс ауданының көлемі қанша?",
    "variant": "4,5 м2"
  },
  {
    "question": "Ионизациялық сәулеге қандай сәулелер жатады?",
    "variant": "корпускулярлы, фотонды"
  },
  {
    "question": "-бөлшектiң энергиясы қандай шек аралығында жатады?",
    "variant": "2-8 МэВ"
  },
  {
    "question": "Радиоактивтi заттардан бөлiнетiн a-бөлшектiң ауадағы жүгiруi қаншаға жетуi мүмкiн?",
    "variant": "8-9 см"
  },
  {
    "question": "-бөлшектiң энергиясы қандай шек аралығында жатады?",
    "variant": "0,05-3,5 МэВ"
  },
  {
    "question": "-бөлшектiң ауадағы ең жоғарғы жүгiруi қанша?",
    "variant": "1800 см"
  },
  {
    "question": "-сәуленiң энергиясы қандай шек аралығында жатады?",
    "variant": "0,01-3 МэВ"
  },
  {
    "question": "Белсендiлiгi 10 мкКи-ден жоғары ашық радиоактивтiк заттармен жұмыс iстегенде, адамның қолын қорғау үшiн қандай арнайы киiмдер қолданылады.",
    "variant": "қорғасындалынған резиналы икемдi жеңқапты қолғаптар"
  },
  {
    "question": "Сәулеленудiң шектi рұқсат етiлген деңгейi қандай құжатпен анықталынады?",
    "variant": "НРБ"
  },
  {
    "question": "Ауру тудыратын шудың деңгейi қанша децибелл (дБ)?",
    "variant": "130 дБ"
  },
  {
    "question": "Еңбекті қорғау жөніндегі кіріспе нұсқама жұмысқа алынған барлық жұмыскерлермен, тәжірибе бойынша келген студенттер мен қатысушыларға жүргізіледі. Солай ма?",
    "variant": "иә, кіріспе нұсқама барлығымен жүргізіледі"
  },
  {
    "question": "Екi шу көзiнiң қарқындылық деңгейiнiң қосындысы қанша болуы керек, егер олардың әрқайсысы 90 дБ деңгейлi шуды туғызса?",
    "variant": "93 дБ"
  },
  {
    "question": "Дыбыс қысымы қандай өлшеммен өлшенедi?",
    "variant": "Па"
  },
  {
    "question": "Үстеме жұмыстар айына қанша сағаттан аспауы тиіс?",
    "variant": "12"
  },
  {
    "question": "Адам организмiне дiрiлдiң қай жиiлiгi қауiптi?",
    "variant": "1 ... 9 Гц"
  },
  {
    "question": "Жұмыс орнына ораналасуына және мерзіміне, стажына байланысты келесі нұсқаулықтар жүргізіледі: кіріспе, жұмыс орнындағы, жоспардан тыс. Нұсқаулықтардың барлық түрлері көрсетілген бе?",
    "variant": "қайталанба және мақсатты нұсқаулықтар көрсетілмеген"
  },
  {
    "question": "ҚР Еңбек кодексінде тәртіптік сөгістің қандай түрлері қарастырылған",
    "variant": "ескерту, сөгіс, қатаң сөгіс"
  },
  {
    "question": "Еңбекті қорғау бойынша жұмыскелердің біліміне мерзімді бақылау мекемемен талқыланған бағдарлама бойынша жылына бір рет өткізіледі. Мерзімдік бақылау дұрыс көрсетілген бе?",
    "variant": "ия дұрыс көрсетілген"
  },
  {
    "question": "Жұмысшы жұмысқа кіргенде міндетті түрде өтуі тиіс: 1. Кіріспе нұсқау. 2. Жұмыс орындайтын қауіпсіз әдістермен оқыту. 3. Жұмыс орнындағы бастапқы нұсқау. 4. Сынақ мерзімі. 5. Білімін және үйренген тәсілдерін тексеру. Осы аталғандардың қайсысы заңда қаралмаған?",
    "variant": "Барлық міндеттер заңда қарастырылған."
  },
  {
    "question": "Мекеме басшысы еңбек қорғау және өндірістік қауіпсіздік бойынша өзінің міндеттерін қандай басқару құжаттарымен делегат жібереді?",
    "variant": "Мекеме басшысының бұйрығымен, құрылымдық бөлімшелер және қызметтік инструкциялар туралы жаймен."
  },
  {
    "question": "Қандай дiрiлдер төменгi жиiлiктi деп есептелiнедi?",
    "variant": "30 Гц-ке дейiн"
  },
  {
    "question": "Резинадан жасалынған дiрiлдi оқшаулайтын төсеменiң қалыңдығын ұлғайтқан сайын не өзгередi?",
    "variant": "дірілдің жеке тербелу жиiлiгi жоғарлайды"
  },
  {
    "question": "Iшкi органдар үшiн жеке тербелiс жиiлiгiнiң мәнi қандай диапазонның аралығында жатады?",
    "variant": "6...9 Гц"
  },
  {
    "question": "Адам ести алатын дыбыстың жиілік шектері?",
    "variant": "16 Гц-тен 20 кГц дейн"
  },
  {
    "question": "Ультра дыбыс деп қандай жиіліктегі дыбыстарды айтамыз?",
    "variant": "20 кГц-тен жоғары"
  },
  {
    "question": "Инфра дыбыс деп қандай жиіліктегі дыбыстарды айтамыз?",
    "variant": "16 Гц-ке дейн"
  },
  {
    "question": "Жұмыс беруші еңбек қорғау бойынша іс-шараларды қаржыландыруға амалдадарды алдын-ала қарастыруға міндетті ме?",
    "variant": "Өндірістің өніміне кететін соммадан 0,2 пайыздан төмен болмауы тиіс."
  },
  {
    "question": "Мекемеде еңбек қорғау және өндірістік қауіпсіздік бойынша нормативті-басқару құжаттары номенклатурасын кім орнатады?",
    "variant": "Жұмыс беруші орнатады"
  },
  {
    "question": "Еңбек қорғау және өндірістік қауіпсіздік сұрақтары бойынша функционалды қызмет жайы тапсырмалар, функциялар және құқықтардан тұруы тиіс па?",
    "variant": "Ия, тиіс"
  },
  {
    "question": "Қауiптiлiгi аз уланғыш заттарды әкету кезiнде ауаны сору жылдамдығы қанша болуы керек?",
    "variant": "0,5-0,7 м/с"
  },
  {
    "question": "Апатты желдеткiштер ауа алмасуының еселiгiн қаншаға қамтамасыз етедi?",
    "variant": "кем дегенде 8"
  },
  {
    "question": "Мекемедегі еңбек қорғау мен өндірістік қауіпсіздіктің мақсаты мен міндеттерінен шығатын келесі бағыттарда іс-шаралар атқарылуы тиіс: қауіпті және зиянды факторларды жою; апатты жайылпаушылық бойынша дайындық; санитарлық-гигиеналық іс-шаралар; әлеуметтік-экономикалық ... .толықтырыңыз:",
    "variant": "қызметшілерді оқыту және жағдайын жасау бойынша іс-шаралар."
  },
  {
    "question": "Жарық күшi қандай өлшеммен өлшенедi?",
    "variant": "кандела (кД)"
  },
  {
    "question": "Қауіпті және зиянды еңбек жағдайында жұмыс істейтін жұмысшылар үшін апталық жұмыс уақыты қандай болуы керек?",
    "variant": "36 сағаттан аспайтын"
  },
  {
    "question": "Жарықтылық қандай өлшеммен өлшенедi?",
    "variant": "люкс (лк)"
  },
  {
    "question": "Жұмысшы себепсіз еңбек қорғау бойынша оқытуды өтпеді. Оған  төменде келтірілген шаралардың, біреуінен басқасын, қолдануға болады. Ол кайсы?",
    "variant": "Жұмыс беруші жұмысшыны жұмысқа кірісуге рұқсат етпейді, одан кейін жұмыстан босатты"
  },
  {
    "question": "Жарықтың ашықтығы қандай өлшеммен өлшенедi?",
    "variant": "кандела/м2"
  },
  {
    "question": "Газоразрядты лампалардың жарық беруi қаншаға шейiн?",
    "variant": "100 лм/Вт"
  },
  {
    "question": "Газоразрядты лампалардың қызмет ету мерзiмi қанша?",
    "variant": "10000 cағ. дейiн"
  },
  {
    "question": "Табиғи жарық қандай көрсеткiшпен сипатталынады?",
    "variant": "табиғи жарықтың коэффициенті"
  },
  {
    "question": "«Табиғатты және жасанды жарықтандыру» құжатына сәйкес көз жұмыстары ажыратылатын деталдiң размерiне байланысты неше разрядқа бөлiнедi?",
    "variant": "8"
  },
  {
    "question": "Шу дегенiме дейнгі не?",
    "variant": "әр түрлі жиіліктегі дыбыстардың жиынтығы"
  },
  {
    "question": "Қандай жиiлiк аралығында адамның есiту мүшесi естiлетiн дыбысты созылмалы ортада қабылдайды?",
    "variant": "20-20000 Гц"
  },
  {
    "question": "Еңбек қорғауда қандай функциялар мемлекетке жүктелмеген?",
    "variant": "еңбек қорғауда жұмысшылардың құқықтары мен заңдық қызығушылықтарын сақтауды қадағалайтын ұйым"
  },
  {
    "question": "Қауiптiлiгi жоғары өндiрiс жайларында қолданылатын тасымал шырақтарда кернеудiң ең жоғарғысы қаншадан асып кетпеуi керек?",
    "variant": "42 В"
  },
  {
    "question": "Қандай жағдайларда адамды мәжбүрлi еңбекке тартуға жол беріледі?",
    "variant": "соттың үкiмi бойынша, соғыс және ТЖ кезінде"
  },
  {
    "question": "Қауiптiлiгi жоғары өндiрiс жайларында қолданылатын сымдардың сыртындағы резиналық қапталдың кедергiсi жылына неше рет тексерiлiп тұруы керек.",
    "variant": "жылына бiр рет"
  },
  {
    "question": "Мәжбүрлі еңбекке қандай жағдайда жол беріледі?",
    "variant": "төтенше жағдайда немесе соғыс жағдайында ғана"
  },
  {
    "question": "Айнымалы тоқтың қай шамасында клиникалық өлiм болуы мүмкiн ?",
    "variant": "10 МА"
  },
  {
    "question": "Тұрақты тоқтың қай шамасында клиникалық өлiм болуы мүмкiн?",
    "variant": "100 МА"
  },
  {
    "question": "Ауаның салыстырмалы ылғалдығы 100%-ке жақын болғанда, электр тоғымен зақымдану дәрежесiне байланысты, өндiрiс жайын қай топқа жатқызуғаболады?",
    "variant": "қауiптiлiгi өте жоғары"
  },
  {
    "question": "Ауаның салыстырмалы ылғалдығы ұзақ уақыт бойы 75% жоғары болған жағдайда, өндiрiс жайын электртоғымен зақымдануына байланысты қай топқа жатады?",
    "variant": "қауiптiлiгi жоғары"
  },
  {
    "question": "Ауаның температурасы құрғақ, едендерi тоқ өткiзбейтiн өндiрiс жайларын электртоғымен зақымдану дәрежесiне байланысты қай топқа жатқызуға болады?",
    "variant": "қауiптiлiгi жоқ"
  },
  {
    "question": "Қуаты 10 квт-тан жоғары, кернеуi 1000 В-қа дейiнгi электрқондырғыларда қолданылатын жерге қосқыштардың кедергiсi қаншадан асып кетпеуi керек?",
    "variant": "4 Ом"
  },
  {
    "question": "Адамға ең қауiптi электртоғының жиiлiгi қандай аралық шамасында болуы мүмкiн?",
    "variant": "50-100 Гц"
  },
  {
    "question": "Қандай мақсатпен жердің бетінде кез-келген фазалық өткізгіштің тұйықталуынан пайда болған потенциалдарды не үшін теңестiредi?",
    "variant": "адымдық кернеу мен жанасу кернеуiн азайту"
  },
  {
    "question": "Қандай жиiлiк аралығында адамның есiту мүшесi естiлетiн дыбысты созылмалы ортада қабылдайды?",
    "variant": "16-20000 Гц"
  },
  {
    "question": "Жерге қосқыштан қандай арақашықтықта жердiң потенциалы нольге тең болады?",
    "variant": "20м"
  },
  {
    "question": "Табиғи жерге қосқыш ретiнде қандай заттарды қолдануға болмайды?",
    "variant": "жанғыш сұйықтарды тасымалдайтын құбырларды"
  },
  {
    "question": "Адам денесiнен өтетiн тоқтың ұзақтығы көбейген сайын адам денесiнiң кедергiсi қалай өзгередi?",
    "variant": "тоқтын ұзақтығына байланысты азаяды"
  },
  {
    "question": "Адам денесiнiң iшкi кедергiсiнiң шамасы неге байланысты?",
    "variant": "адам денесiнен өтетiн тоқ жолдарына"
  },
  {
    "question": "Көрсетiлген зақымдаушы жәйттердiң қайсысы негiзгi деп есептелiнедi?",
    "variant": "адамның денесiнен өтетiн тоқтың күшi"
  },
  {
    "question": "Кернеуі 500 В тоқты жұмысқа қосу үшiн қандай прибор қолданылады?",
    "variant": "майлы сөндiргiш"
  },
  {
    "question": "Кернеуi 1000 В-қа дейiнгi электрқондырғылар үшiн жерге қосқыштың кедергiсi қаншадан асып кетпеуi керек?",
    "variant": "4 Ом"
  },
  {
    "question": "Қауiптiлiгi жоқ өндiрiс жайларында қандай электр қондырғылар жерге қосқыш арқылы қосылады ?",
    "variant": "кернеуi 500 В-тан жоғары"
  },
  {
    "question": "Кернеудiң қандай шамасында терiнiң сыртқы қабатында ойылған жер пайда болады?",
    "variant": "40 В"
  },
  {
    "question": "Еңбек шартының мазмұнында жоғын табыңыз?",
    "variant": "жұмысшының жанұясындағы адам саны"
  },
  {
    "question": "Еңбек шартының мазмұнында жоғын табыңыз?",
    "variant": "жұмыс берушінің жанұясы туралы мәліметтер"
  },
  {
    "question": "Статикалық сынақ кезiнде жүк көтеретiн және тасымалдайтын механизмдердiң қандай көрсеткiштерi тексерiледi?",
    "variant": "механизмнiң берiктiлiгi"
  },
  {
    "question": "Адам тасымалдауға арналған көтергiш механизмдердiң жалпы берiктiлiгi мен тежегiш органдары неше процент артық салмақпен тексерiледi?",
    "variant": "100%"
  },
  {
    "question": "Жаңадан қойылған және күрделi жөндеуден шыққан крандардың жалпы берiктiлiгi мен тежегiш органдары неше процент артық салмақпен тексерiледi?",
    "variant": "25%"
  },
  {
    "question": "Өзi жүретiн тележкалардың цех iшiндегi мөлшерленген қозғалыс жылдамдығы қаншаға тең?",
    "variant": "5 км/сағ"
  },
  {
    "question": "Сынақ мерзімі жұмыскердің жұмыс өтіліне қосылады және қанша айдан аспауға тиіс?",
    "variant": "3 айдан"
  },
  {
    "question": "Ұйымдардың басшылары және олардың орынбасарлары, бас бухгалтерлер мен олардың орынбасарлары, филиалдар, ұйымдар өкілдіктерінің басшылары үшін сынақ мерзімі қанша айға дейін ұзартылуы мүмкін?",
    "variant": "6 айға"
  },
  {
    "question": "Сымнан жасалған арқандарды қандай берiктiлiк шегi бар арнаулы маркалы сымнан жасайды?",
    "variant": "140/190 кг/мм2"
  },
  {
    "question": "Қыз балалар үшiн ауыр жүктi көтеру мен тасымалдау мөлшерiнiң шегi қанша?",
    "variant": "10,25 кг"
  },
  {
    "question": "Ер балалар үшiн ауыр жүктi көтеру мен тасымалдау мөлшерiнiң шегi қанша?",
    "variant": "16,4 кг"
  },
  {
    "question": "Жасы 18-ден жоғары әйелдер үшiн ауыр жүктi көтеру мен тасымалдау мөлшерiнiң шегi қанша?",
    "variant": "20 кг"
  },
  {
    "question": "Жасы 18-ден жоғары ерлер үшiн ауыр жүктi көтеру мен тасымалдау мөлшерiнiң шегi қанша?",
    "variant": "50 кг"
  },
  {
    "question": "18 жасқа толмаған жасөспірімдерді түнгі жұмыстарға тартуға боладыма?",
    "variant": "жоқ, болмайды"
  },
  {
    "question": "Жұмыскермен еңбек шарты жұмыс берушінің бастамасы бойынша қандай жағдайда бұзылмайды?",
    "variant": "сынақ мерзімі толық аяқталғаннан кейн"
  },
  {
    "question": "Еңбек, ұжымдық шарттарда көзделген өзге де жағдайларда жұмыскердің хабарламасы негізінде күнтізбелік қанша күнге дейін жалақы сақталмайтын демалыс беруге міндетті?",
    "variant": "5 күн"
  },
  {
    "question": "Жүктілікке және босануға байланысты демалыс ұзақтығы, қалыпты босану кезінде?",
    "variant": "босануға дейін күнтізбелік 70 күнге және босанғаннан кейін күнтізбелік 56 күнге"
  },
  {
    "question": "Жүктілікке және босануға байланысты демалыс ұзақтығы, қиын босанған немесе екі және одан көп бала туған кезде?",
    "variant": "босануға дейін күнтізбелік 70 күнге және босанғаннан кейін күнтізбелік 70 күнге"
  },
  {
    "question": "Құбырларды қондыру кезiнде оларды қандай ылдимен қондыру керек?",
    "variant": "1:500"
  },
  {
    "question": "Бұларды тасымалдауға арналған құбырларды қандай түспен бояуға болады?",
    "variant": "қызыл"
  },
  {
    "question": "Суды тасымалдауға арналған құбырларды қандай түспен бояуға болады?",
    "variant": "көкжасыл"
  },
  {
    "question": "Ауаны тасымалдауға арналған құбырды қандай түспен бояуға болады?",
    "variant": "көк"
  },
  {
    "question": "Неше градусқа шейiн қыздырылған металл құбырлардың сыртын ыстық жiбермейтiн материалдармен қаптауғаболады?",
    "variant": "400С жоғары"
  },
  {
    "question": "ҚР 2023 жылға бекітілген ең төменгі жалақы мөлшері?",
    "variant": "70000 тг"
  },
  {
    "question": "ҚР 2023 жлыға бекітілген айлық есептік көрсеткіштің (мрп) мөлшері?",
    "variant": "3450 тг"
  },
  {
    "question": "Түнгі уақыттағы жұмыс деп сағат қаншада қаншаға дейнгі уақытты айтамыз?",
    "variant": "22:00 ден 06:00 ге дейн"
  },
  {
    "question": "Iшiне аммиак толтырылатын баллон қандай түспен боялуы керек?",
    "variant": "сары"
  },
  {
    "question": "Iшiне көмiрқышқыл толтырылатын баллон қандай түспен боялуы керек?",
    "variant": "қара"
  },
  {
    "question": "Iшiне ацетилен толтырылатын баллон қандай түспен боялуы керек?",
    "variant": "ақ"
  },
  {
    "question": "Iшiне фреон толтырылатын баллон қандай түспен боялуы керек ?",
    "variant": "аллюминий түспен"
  },
  {
    "question": "«Еңбек қорғау» түсінігіне дұрыс анықтама беріңіз:",
    "variant": "Еңбек қорғау – құқықтық, әлеуметтік-экономикалық, ұйымдастырушылық, техникалық, санитарлық-гигиеналық және басқа да іс-шараларды өзіне қосатын еңбек процесінде жұмысшылардың денсаулығын және өмірін сақтау жүйесі"
  },
  {
    "question": "Жұмыскердің тікелей міндетіне кірмейтін бір реттік жұмыс кезінде авариялық жағдайдың орын алуына байланысты және табиғат апаты кезінде мақсатты нұсқау жүргізіледі. Тағы қандай жұмыс түрі кезінде мақсатты нұсқау жүргізу міндетті?",
    "variant": "рұқсатпен және наряд түрінде өтетін аса қауіпті жұмыс орындау кезінде"
  },
  {
    "question": "Басқа жұмыс берушінің жұмыс аумағында болған мекеме жұмысшысымен болған жазатайым оқиға кіммен тексеріледі?",
    "variant": "осы жұмыстар тапсырылған жұмыс берушімен құрылған комиссиямен ескеріп тексеріледі"
  },
  {
    "question": "Белгілі бір мерзім ішінде сақтандыру өтемақысына құқығы бар тұлғалар төменде келтірілген. Қатені табыңыз.",
    "variant": "23 жастағы студент"
  },
  {
    "question": "Қандай жағдайларда адамды мәжбүрлi еңбекке тартуға жол беріледі?",
    "variant": "соттың үкiмi бойынша, соғыс және ТЖ кезінде"
  },
  {
    "question": "Қанша  жастан бастап еңбек шарты жасалады .",
    "variant": "16 жастан"
  },
  {
    "question": "Үстеме жұмыстарды атқарылатын жұмыстардың мөлшерi қандай болуы керек?",
    "variant": "тәулік ішінде 2 сағаттан аспауы тиiс"
  },
  {
    "question": "Түнгi уақыттағы жұмыс, қай уақыттан, қай уақытқа дейiн түнгi уақыттағы жұмыс деп есептелiнедi?",
    "variant": "22 сағ. бастап таңғы сағ. 6-ға дейiн"
  },
  {
    "question": "Жұмыс уақытының қалыпты ұзақтағы аптасына қанша сағаттан аспауға тиiс?",
    "variant": "40"
  },
  {
    "question": "Он төрт жастан он алты жасқа дейiнгi қызметкерлер үшiн жұмыс уақытының ұзақтығы аптасына қанша сағаттан аспауға тиiс?",
    "variant": "24 сағаттан аупау тиіс"
  },
  {
    "question": "Он алты жастан он сегiз жасқа дейiнгi қызметкерлер үшiн жұмыс уақытының  ұзақтығы аптасына қанша сағаттан аспауға тиiс?",
    "variant": "36 сағаттан аспау тиіс"
  },
  {
    "question": "Зиянды немесе ауыр еңбек жағдайларында жұмыс iстейтiн қызметкерлер үшiн жұмыс уақыты аптасына қанша сағаттан аспауға тиiс?",
    "variant": "36 сағаттан аспау тиіс"
  },
  {
    "question": "Алты күндiк жұмыс аптасы кезiнде күнделiктi жұмыстың ұзақтығы нормаға сәйкес 36 сағат болғанда қанша сағаттан аспауға тиiс?",
    "variant": "6 сағаттан"
  },
  {
    "question": "Алты күндiк жұмыс аптасы кезiнде күнделiктi жұмыстың ұзақтығы нормаға сәйкес 24 сағат болғанда қанша сағаттан аспауы тиiс?",
    "variant": "4"
  },
  {
    "question": "Мерзiмнен тыс жұмыстарға кiмдер жiберiлмейдi?",
    "variant": "жасы 18 толмаған қызметкерлер"
  },
  {
    "question": "Жұмыстың аяқталу  уақыты мен жұмыстың басталу уақыты арасындағы қызметкердiң күнделікті демалыс уақытының ұзақтығы қанша сағаттан кем болмауы тиiс?",
    "variant": "12 сағаттан"
  },
  {
    "question": "Демалыс және мереке күндерiндегi жұмысқа төленетін ақы қандай мөлшерде жүргiзiледi?",
    "variant": "1,5 еседен аз болмайтын"
  },
  {
    "question": "Қызметкерге оның өтiнiшi бойынша күнтiзбелiк күннен аспайтын жалақысы сақталмайтын қанша күндік демалыс берiлуi мүмкін?",
    "variant": "30"
  },
  {
    "question": "Әйелдердің жүктiлiгі және босануына берiлетiн ақылы демалыстардың күнтiзбелiк күнi қанша күнді құрайды?",
    "variant": "босанғанға дейiн 70, босанғаннан кейiн 56"
  },
  {
    "question": "Жүкті және жаңадан босанған әйелдерге, жаңадан туылған нәрестенi асырап алған әйелдерге (еркектерге) нәрестенін туылған уақытына қарай қанша күндік ақылы демалыс берiледi?",
    "variant": "бала дүниеге келгеннен кейін 56 күн"
  },
  {
    "question": "Енбекке уақытша жарамсыздығына байланысты қызметкерге берілетін жәрдемақының мөлшерi қандай болуы мүмкiн?",
    "variant": "орташа айлық жалақының 100"
  },
  {
    "question": "Толық материалдық жауапкершiлiк туралы жазбаша шарттарды кiммен жасайды?",
    "variant": "18 жасқа толғандармен"
  },
  {
    "question": "Тәртiптiк жазаның қолданылу мерзiмi қанша күннен аспауы тиiс?",
    "variant": "1 айдан аз болмауы"
  },
  {
    "question": "Еңбек дауларын қандай органдар қарайды?",
    "variant": "еңбек қорғау инспекциясы"
  },
  {
    "question": "Жыл сайынғы еңбек шарты бойынша қызметкерлерге төленетін демалыс уақыты.",
    "variant": "24"
  },
  {
    "question": "Зақымданудың сипатына қарай өндiрiстiк жарақатты қандай түрлерге бөлуге болады?",
    "variant": "мех-қ; терм-қ; хим-қ; сәулелiк; электрлiк"
  },
  {
    "question": "Термиялық жарақатқа нелер жатады?",
    "variant": "жылу соққылары, күйiктер, үсулер"
  },
  {
    "question": "1 ... 5 адам өлімге ұшыраған жағдайда қандай органдар тергеу жұмыстарын жүргізеді?",
    "variant": "енбеқ қорғау бойынша өкiлеттiгi бар мемлекеттік органдар"
  },
  {
    "question": "Әрбiр жазатайым оқиғаның салдарынан еңбек қабiлетiн жоғалтқандарға медициналық сараптамаға сәйкес қандай құжаттар дайындалады?",
    "variant": "Н-1 актiсi 4 данадан толтырылады"
  },
  {
    "question": "Үш күнін ішінде жазатайым оқиғаны тергеу жұмыстарының нәтижесі бойынша Н-1 акті кімге беріледі?",
    "variant": "зардап шеккен  адамдарға немесе оның туыстарына"
  },
  {
    "question": "Кәсiпорын архивiнде жазатайым оқиғаны тергеу материалдары қанша жыл сақталады?",
    "variant": "45 жыл"
  },
  {
    "question": "Жұмыскерлердің біліктілігін тексеру кезексіз жүргізіледі: еңбекті қорғауда жаңа және қайтарылған нормативті құқықтық актілерді кірістіру жағдайында; техникалық процесстердің, құрылғылардың өзгеруі кезінде; басқа жұмысқа ауысқан жағдайда. Барлық жағдайлар толық көрсетілген бе?",
    "variant": "көрсетілмеген, авария оқиғасынан немесе жазатайым жағдайдан кейін еңбекті қорғау және өндіріс қауіпсіздігі талаптарын бірнеше рет бұзған жағдайда"
  },
  {
    "question": "Кәсiби ауруға ұшырағандарға жасалынған Н-1 актiсiнiң көшiрмесi кiмдерге берiледi?",
    "variant": "денсаулық сақтау мекемесiне"
  },
  {
    "question": "Созылмалы кәсіби ауруды тексеруге неше күн берiледi?",
    "variant": "7 тәулік"
  },
  {
    "question": "Ауыр деңгейдегі  кәсiби ауруларды тергеуге неше сағат берiледi?",
    "variant": "24 сағат"
  },
  {
    "question": "Ауыр жазатайым жағдайдан кейін мекеме басшысы зардап шеккен жұмыскеріне дәл сол күні белгіленген іс-әрекеттерді қолдану кезінде нені жасамау керек?",
    "variant": "жазатайым жағдайға кінәлі жұмыскерді тәртіп жөніндегі жауапқа тартты"
  },
  {
    "question": "Еңбекті қорғау бойынша аса қауіпті объектпен немесе жұмыспен айналысатын жұмыскерлердің біліктілігін тексеру мерзімді түрде жылына бір рет өтуі тиіс. Біліктілікті тексеру мерзімі дұрыс көрсетілген бе?",
    "variant": "берілген жауап дұрыс"
  },
  {
    "question": "Жұмысқа бара жатқанда немесе жұмыстан қайтқан кезде өндiрiстен тыс болған жазатайым оқиғаларды тергеу кезінде тергеу комисиясының құрамына кімдер кіреді?",
    "variant": "еңбек ұжымының өкiлi"
  },
  {
    "question": "Н-2 акті қәсiпорынның архивiнде қанша жыл сақталады?",
    "variant": "5 жыл ішінде"
  },
  {
    "question": "Н-1 актiнiң түрi қандай бөлiмдерден тұрады?",
    "variant": "текстiк, кодтық"
  },
  {
    "question": "«Әлеуметтік демалыс» түсінігіне дұрыс анықтама беріңіз?",
    "variant": "жыл сайынғы ақылы еңбек демалысы қызметкердің тынығуына, жұмыс қабілетін қалпына келтіруіне, денсаулығын нығайтуына және қызметкердің өзге де жеке қажеттіктеріне арналады және жұмыс орны (лауазымы) мен орташа жалақысы сақтала отырып, белгілі бір күнтізбелік күндер санына беріледі."
  },
  {
    "question": "Техника қауiпсiздiгiне мемлекеттiк стандарт бойынша қандай шифр берiлген?",
    "variant": "12"
  },
  {
    "question": "Әйелдер мен жастар неше жасқа дейiн мiндеттi түрде әр жылғы медициналық қараудан өтiп тұруы керек?",
    "variant": "45 және 18"
  },
  {
    "question": "Еңбек қорғау заңдылықтарын бұзғаны үшiн жұмыскерлер мен қызметкерлердi жауапкершiлiктiң қандай түрлерiне тартуға болады:",
    "variant": "тәртiптiк, әкiмшiлiк, қылмыстық"
  },
  {
    "question": "Техниканы қауiпсiздендiру жөнiндегi мемлекеттiк стандарт неше топтық класқа бөлінген?",
    "variant": "6"
  },
  {
    "question": "Жасы 15-ке келген жастарды қандай жағдайда жұмысқа қабылдауға болады?",
    "variant": "ата анасының қағаз жүзінде рұқсатымен"
  },
  {
    "question": "Қазақстан Республикасының Еңбек кодексі алғаш рет қай жылы қабылданды?",
    "variant": "15 мамыр 2007 ж."
  },
  {
    "question": "Қауiптi өндiрiстiк факторға анықтама берiңiз?",
    "variant": "жарақатқа, денсаулықтың бұзылуына әкеп соқтыратын"
  },
  {
    "question": "Еңбек қауiпсiздiгi стандарттарының жүйесiне енетiн стандарттарды көрсетiңiз?",
    "variant": "Салалық, салааралық, қауiпсiздiк"
  },
  {
    "question": "Еңбек қорғау туралы ережелердi атаңыз?",
    "variant": "жалпыға бiрдей, салараалық, салалы ереже"
  },
  {
    "question": "Еңбек қорғаудың жалпыға бiрдей ережесі қандай жерлерге беріледі?",
    "variant": "шаруашылықтың барлық салаларына"
  },
  {
    "question": "Еңбек қорғаудың салалық ережесi қандай жерлерге беріледі?",
    "variant": "шаруашылықтың кейбiр салаларына"
  },
  {
    "question": "Қайталама жүргiзiлетiн жоспарлы нұсқау қай уақытта және не үшiн жүргiзiледi?",
    "variant": "тоқсанына 1 рет бiлiмiн көтеру үшiн"
  },
  {
    "question": "Жеке шарт - деген ұғымға анықтама берiңiз.",
    "variant": "жазбаша нысанда жасалатын келiсiм шарт"
  },
  {
    "question": "Қазақстан Республикасының еңбек кодексі қандай құжатқа негiзделедi?",
    "variant": "ҚР Конституциясына"
  },
  {
    "question": "Тергеу нәтижелері  Н-2 актiнiң формасы бойынша  неше данаға  дейін толтырылады?",
    "variant": "4-5"
  },
  {
    "question": "Н-2 актiн толтырғанда, оның кодтык бөлiмiн кiм жазады?",
    "variant": "кәсiпорын"
  },
  {
    "question": "Н-1 формалы актіні кім бекітеді?",
    "variant": "кәсiпорын басшысы"
  },
  {
    "question": "Жарақатты талдау негiзiнен қандай тәсiлдермен жүргiзiледi?",
    "variant": "стат-қ, монограф-қ, топтық, эконом-қ"
  },
  {
    "question": "Өзiнiң еңбек қабiлетiнен толық немесе жартылай айырылған жұмысшыларға төленетiн бiр жылғы жәрдемақының көлемi қандай құжаттармен анықтанылады?",
    "variant": "ұжымдық шарт ҚР заңдары"
  },
  {
    "question": "Кәсiби аурудың салдарынан мүгедектiктiң бiрiншi немесе екiншi тобына жатқандарға төленетiн шығынның мөлшерi қанша болуы керек?",
    "variant": "жылдық табыстан 5 есе кем болмауы"
  },
  {
    "question": "3 топтағы мугедек деп танылған қызметшiлерге төленiнетiн 1 жылғы жәрдем ақының мөлшерi жылдық табыстың көлемiнен қанша болуы керек?",
    "variant": "жылдық табыстан 2 есе кем болмауы"
  },
  {
    "question": "Өндiрiстегi жазатайым оқиғаның салдарынан өлген адамдарға төленетiн жәрдемақының мөлшерi жылдық табыстың көлемiнен қанша болуы керек?",
    "variant": "10 есе кем болмауы"
  },
  {
    "question": "Н-1 формалы актiсi зардап шегушіге неше күннен кейін беріледі?",
    "variant": "3 күн"
  },
  {
    "question": "Бірнеше адамдар жұмыс орнында уланса, оны тергеу бойынша комиссиясының құрамының мүшесіне қосымша қандай қызметтің өкілі кіреді?",
    "variant": "санэпидемстанция"
  },
  {
    "question": "2024 жылға бекітілген айлық есептік көрсеткіштің (АЕК) соммасы?",
    "variant": "3692 тг"
  },
  {
    "question": "Жалпы улылық әсері бар химиялық ароматты көмiрсутектердi көрсетіңіз?",
    "variant": "бензол, толуол, ниторбензол"
  },
  {
    "question": "Түршiгерлiк химиялық зиянды заттармен жанасқанда, адамда қандай өзгерiстер болуы мүмкiн?",
    "variant": "сілемейлі қабықтар зақымданады, қан аурулары"
  },
  {
    "question": "Канцерогендiк заттардың адам организiмiне әсер етуi қандай аурулардың дамуына әкелiп соғуы мүмкiн?",
    "variant": "қатерлi iсiктерге"
  },
  {
    "question": "Еңбек кодексіне сәйкес қалыпты жұмыс уақытысы аптасына қанша сағаттан аспауы тиіс?",
    "variant": "40"
  },
  {
    "question": "Химиялық заттардың қауiптiлiгiн қандай көрсеткiш арқылы анықтауға болады?",
    "variant": "заттардың шектi рұқсат етiлген мөлшері"
  },
  {
    "question": "Шаң өзiнiң құрамына және түрiне байланысты адамның қандай органдарына қолайсыз әсер етедi?",
    "variant": "адамның тыныс алу жолдарына"
  },
  {
    "question": "Шаң өзiнiң ұсақтығына байланысты қандай түрлерге бөлiнедi?",
    "variant": "майдалылығы iрiлеу, орташалау, ұсақтау"
  },
  {
    "question": "Ұсақтығы сәл iрiлеу шаңдарға қандай шаңдар жатады?",
    "variant": "өлшемi 10 мкм-ден жоғары"
  },
  {
    "question": "Ұсақтығы орташалау шаңдарға қандай шаңдар жатады?",
    "variant": "өлшемi 10 мкм-ден 5 мкм-ден дейiнгi"
  },
  {
    "question": "Ұсақтығы майда шаңдарға қандай шаңдар жатады?",
    "variant": "өлшемi 5 мкм-ден төмендеу"
  },
  {
    "question": "Қауiптiлiгi қай класқа жататын химиялық зиянды заттарға үздiксiз бақылау жүргiзiледi?",
    "variant": "1 класқа"
  },
  {
    "question": "Қауiптiлiгi қай класқа жататын химиялық зиянды заттарға  бақылау жүргiзiледi?",
    "variant": "2,3,4"
  },
  {
    "question": "Тыныс алу мүшелерін қорғау құралдары қандай түрлерге бөлінеді?",
    "variant": "сүзгілі және оқшауланған"
  },
  {
    "question": "Қайталанба нұсқама барлық жұмыскерлермен жүргізеді, тек құрылғыларды жөндеу жұмыстарымен, тексерумен, құрал жабдықтарды қолданумен, сақтаумен, қайта жөндеумен байланысы жоқ жұмысшы тұлғалармен өтпейді. Көрсетілген тұжырымдар МЕСТ сай келе ме?",
    "variant": "иә, сай келеді"
  },
  {
    "question": "Адам организмiне әсер ету дәрежесiне байланысты ШРЕМ-i 0,1 мг/м3-ден төмен химилық зиянды заттар қауiптiлiгi жағынан қандай класқа жатады?",
    "variant": "қауiптiлiгi төтенше"
  },
  {
    "question": "Адам организмiне әсер ету дәрежесiне байланысты ШРЕМ-i 0,1 ... 1 мг/м3 аралығындағы химиялық зиянды заттар қауiптiлiгi жағынан қандай класқа жатады?",
    "variant": "қауiптiлiгi жоғары"
  },
  {
    "question": "Адам организмiне әсер ету дәрежесiне байланысты ШРЕМ-i 1 ... 10 мг/м3 аралығындағы химиялық зиянды заттар қауiптiлiгi жағынан қандай класқа жатады?",
    "variant": "қауiптiлiгi орташалау"
  },
  {
    "question": "Адам организмiне әсер ету дәрежесiне байланысты ШРЕМ-i 10 мг/м3 -тен жоғары химиялық зиянды заттар қауiптiлiгi жағынан қандай класқа жатады?",
    "variant": "қауiптiлiгi аздау"
  },
  {
    "question": "Жұмыс орындарында ауаның газдылығын қандай прибормен анықтауға болады?",
    "variant": "газды талдау приборымен"
  },
  {
    "question": "Ауа қозғалысының жылдамдығын қандай прибормен өлшеуге болады?",
    "variant": "анемометрмен"
  },
  {
    "question": "Ауаның салыстырмалы ылғалдылығын қандай прибормен өлшеуге болады?",
    "variant": "психрометрмен"
  },
  {
    "question": "Жылу сәулелерiнiң қарқындылығы қандай прибормен өлшенедi?",
    "variant": "актинометрмен."
  },
  {
    "question": "Жұмыс жағдайына сай келетін жылудың артықшылығы және жұмыс жағдайына сай келген жылудың аздығы қандай өлшеммен өлшенедi?",
    "variant": "Дж/м3·сағ"
  },
  {
    "question": "Тостаған секiлдi анемометрдiң өлшеу шегi қандай:",
    "variant": "1 ден 20 м/с-дейін"
  },
  {
    "question": "Катотермометр факторы қандай өлшеммен өлшенедi:",
    "variant": "мкал/см2"
  },
  {
    "question": "Анероид құралымен ауаның қандай параметрі өлшенедi:",
    "variant": "атмосфералық ауаның қысымы"
  },
  {
    "question": "Ылғалдылықты дәл өлшеу үшiн қандай прибор қолданылады:",
    "variant": "аспирациялық психрометр"
  },
  {
    "question": "Жұмыс орнында өтілетін алғашқы нұсқама мекемеге қабылданған мамандармен, жұмыскерлермен, тәжірибе жұмысымен келген студенттермен, сонымен қатар басқа бөлімге немесе басқа жұмысқа ауысқан жағдайда жүргізіледі. Көрсетілген тұжырымдар МЕСТ сай келе ме?",
    "variant": "алғашқы нұсқама мамандармен жүргізілмейді"
  },
  {
    "question": "Түнгі уақыттағы жұмыстарға кәмілет жасқа толмағандармен қоса кімдер жіберілмейді?",
    "variant": "жүкті әйелдер мен мүгедектер"
  },
  {
    "question": "Катотермометр құралымен не өлшенеді?",
    "variant": "ауа қозғалысының кiшкене жылдамдығы"
  },
  {
    "question": "Кәсіпорындардың объектілері мен өндірістерінің санитарлық классификациясына сәйкес, 1 кластағы кәсіпорындар үшін санитарлық қорғау аймақтарының көлемі қандай?",
    "variant": "1000 м"
  },
  {
    "question": "Люксметр аспабымен жұмыс жағдайының қандай параметірі өлшенеді?",
    "variant": "жарықтылық"
  },
  {
    "question": "Люксметр аспабының өлшем бірлігі?",
    "variant": "Лк"
  },
  {
    "question": "Жұмыс орнындағы жарықтылықты өлшейтін аспаб?",
    "variant": "Люксметр"
  },
  {
    "question": "Ионизациялық сәуле адам организмiне кiре отырып қандай ауруларға әкелуi мүмкiн?",
    "variant": "сәуле ауруларына"
  }
]
