[
  {
    "question": "Избыток товара на рынке вызывает:",
    "variant": "Снижение цены"
  },
  {
    "question": "Недостаток товара (дефицит) ведет к:",
    "variant": "Повышению цен"
  },
  {
    "question": "Спрос — это:",
    "variant": "Готовность и возможность потребителя купить товар"
  },
  {
    "question": "Модель кривой производственных возможностей иллюстрирует…",
    "variant": "ограниченность ресурсов"
  },
  {
    "question": "Риск — это…",
    "variant": "Возможность потерь при осуществлении деятельности"
  },
  {
    "question": "Инновации в предпринимательстве означают:",
    "variant": "Внедрение новых идей, технологий и продуктов"
  },
  {
    "question": "Основной источник дохода предпринимателя —",
    "variant": "Прибыль"
  },
  {
    "question": "Средний бизнес отличается:",
    "variant": "Умеренным объемом капитала и числом работников"
  },
  {
    "question": "Крупный бизнес — это:",
    "variant": "Капиталоемкая деятельность с большим числом работников"
  },
  {
    "question": "Основные качества предпринимателя:",
    "variant": "Инициативность, ответственность, способность к риску"
  },
  {
    "question": "Индивидуальный предприниматель — это:",
    "variant": "Гражданин, ведущий бизнес без образования юридического лица"
  },
  {
    "question": "Товарищество — это:",
    "variant": "Объединение лиц для совместного ведения бизнеса"
  },
  {
    "question": "Общество с ограниченной ответственностью (ТОО) — это:",
    "variant": "Форма, где участники несут риск убытков в пределах вкладов"
  },
  {
    "question": "Акционерное общество отличается тем, что:",
    "variant": "Уставный капитал разделён на акции"
  },
  {
    "question": "Уставный капитал — это:",
    "variant": "Совокупность вкладов учредителей предприятия"
  },
  {
    "question": "Кооператив — это:",
    "variant": "Объединение граждан для совместной хозяйственной деятельности"
  },
  {
    "question": "Основной документ предприятия —",
    "variant": "Устав"
  },
  {
    "question": "Ликвидация предприятия — это:",
    "variant": "Прекращение его деятельности"
  },
  {
    "question": "Основная цель бизнес-плана —",
    "variant": "Оценить жизнеспособность и перспективность проекта"
  },
  {
    "question": "Раздел «Маркетинг» в бизнес-плане содержит:",
    "variant": "Анализ рынка и стратегии продвижения продукции"
  },
  {
    "question": "Что отражает SWOT-анализ?",
    "variant": "Сильные и слабые стороны, возможности и угрозы"
  },
  {
    "question": "К стратегическим решениям относятся:",
    "variant": "Выход на новый рынок"
  },
  {
    "question": "Малое предприятие характеризуется:",
    "variant": "Небольшим числом работников и ограниченным оборотом"
  },
  {
    "question": "Основной критерий эффективности стратегии —",
    "variant": "Достижение стратегических целей компании"
  },
  {
    "question": "Инвестиционный план отражает:",
    "variant": "Объём и источники финансирования проекта"
  },
  {
    "question": "Что относится к внешней среде предприятия?",
    "variant": "Экономические и политические факторы"
  },
  {
    "question": "Этап контроля стратегии предполагает:",
    "variant": "Оценку результатов и корректировку действий"
  },
  {
    "question": "Что является целью антикризисной стратегии?",
    "variant": "Вывод компании из кризисного состояния"
  },
  {
    "question": "Основное назначение раздела «Финансовый план» в бизнес-плане —",
    "variant": "Оценить доходность и окупаемость проекта"
  },
  {
    "question": "Основная функция финансов предприятия —",
    "variant": "Формирование и использование денежных ресурсов"
  },
  {
    "question": "Что включает структура капитала предприятия?",
    "variant": "Собственные и заёмные средства"
  },
  {
    "question": "Главная цель финансового анализа —",
    "variant": "Оценить финансовое состояние и устойчивость фирмы"
  },
  {
    "question": "Что является прямым налогом?",
    "variant": "Налог на прибыль"
  },
  {
    "question": "Амортизация — это:",
    "variant": "Перенос стоимости основных средств на себестоимость продукции"
  },
  {
    "question": "Основным источником финансирования малого бизнеса является:",
    "variant": "Собственный капитал предпринимателя"
  },
  {
    "question": "Что относится к косвенным налогам?",
    "variant": "НДС"
  },
  {
    "question": "Финансовая устойчивость предприятия определяется:",
    "variant": "Соотношением собственных и заёмных средств"
  },
  {
    "question": "Основная цель государственного регулирования экономики —",
    "variant": "Обеспечение стабильного экономического роста"
  },
  {
    "question": "Международное предпринимательство — это:",
    "variant": "Деятельность предприятий за пределами национальных границ"
  },
  {
    "question": "Инновация — это:",
    "variant": "Внедрение нового продукта, технологии или процесса"
  },
  {
    "question": "Что характеризует венчурный капитал?",
    "variant": "Инвестиции в инновационные и рискованные проекты"
  },
  {
    "question": "Что означает термин «инновационная инфраструктура»?",
    "variant": "Система институтов и организаций, поддерживающих инновации"
  },
  {
    "question": "Какова роль международных организаций (например, ВТО) в предпринимательстве?",
    "variant": "Содействие свободной торговле и снижению барьеров"
  },
  {
    "question": "Экономическая эффективность производства определяется:",
    "variant": "Соотношением полученных результатов и затраченных ресурсов"
  },
  {
    "question": "Эффект масштаба возникает, когда:",
    "variant": "Увеличение объёма производства снижает средние издержки"
  },
  {
    "question": "Что представляет собой точка безубыточности?",
    "variant": "Объём производства, при котором доходы равны издержкам"
  },
  {
    "question": "Рента - это:",
    "variant": "доход, получаемый собственником недвижимого имущества"
  },
  {
    "question": "Основной риск предпринимательства —",
    "variant": "Возможность потери вложенных ресурсов"
  },
  {
    "question": "К экономическим ресурсам не относится:",
    "variant": "Деньги"
  },
  {
    "question": "Что является функцией предпринимателя?",
    "variant": "Принятие управленческих решений и организация производства"
  },
  {
    "question": "Инновационная функция предпринимательства заключается в:",
    "variant": "Внедрении новых технологий, продуктов и методов управления"
  },
  {
    "question": "Внутренние источники финансирования бизнеса включают:",
    "variant": "Прибыль, амортизацию, резервы"
  },
  {
    "question": "Основное отличие предпринимателя от наёмного работника —",
    "variant": "Несёт риск и ответственность за результаты деятельности"
  },
  {
    "question": "Что характеризует предпринимательскую среду?",
    "variant": "Совокупность экономических, правовых и социальных условий ведения бизнеса"
  },
  {
    "question": "Социальная функция предпринимательства проявляется в:",
    "variant": "Создании рабочих мест и улучшении качества жизни"
  },
  {
    "question": "Что является показателем успешности предпринимательской деятельности?",
    "variant": "Устойчивый рост прибыли и расширение бизнеса"
  },
  {
    "question": "Основное преимущество товарищества —",
    "variant": "Объединение капиталов и компетенций участников"
  },
  {
    "question": "Акционерное общество выпускает:",
    "variant": "Акции для привлечения капитала"
  },
  {
    "question": "К недостаткам индивидуального предпринимательства относится:",
    "variant": "Неограниченная имущественная ответственность"
  },
  {
    "question": "Какие факторы влияют на спрос?",
    "variant": "потребительские вкусы и доходы"
  },
  {
    "question": "Основное различие между частным и государственным предприятием —",
    "variant": "Форма собственности"
  },
  {
    "question": "Олигополия — это рынок:",
    "variant": "С несколькими крупными производителями"
  },
  {
    "question": "Расширенное воспроизводство:",
    "variant": "воспроизводство, для которого характерен экономический рост"
  },
  {
    "question": "Главная проблема экономики —",
    "variant": "Ограниченность ресурсов"
  },
  {
    "question": "Макроэкономика изучает:",
    "variant": "Экономику страны в целом"
  },
  {
    "question": "Микроэкономика изучает:",
    "variant": "Отдельные рынки и фирмы"
  },
  {
    "question": "Экономическая система — это:",
    "variant": "Совокупность механизмов организации хозяйственной жизни"
  },
  {
    "question": "Рыночная экономика основывается на:",
    "variant": "Частной собственности и свободе выбора"
  },
  {
    "question": "В натуральном хозяйстве производится:",
    "variant": "Продукт для собственного потребления"
  },
  {
    "question": "Главным участником рыночной экономики является:",
    "variant": "Человек — потребитель и производитель"
  },
  {
    "question": "Главная цель экономической деятельности человека —",
    "variant": "Удовлетворение потребностей"
  },
  {
    "question": "Экономика изучает:",
    "variant": "Производство, распределение, обмен и потребление благ"
  },
  {
    "question": "Заемные источники финансирования бизнес-проекта – это:",
    "variant": "Кредиты"
  },
  {
    "question": "Рынок — это:",
    "variant": "Совокупность экономических отношений между продавцами и покупателями"
  },
  {
    "question": "Основные функции рынка:",
    "variant": "Ценообразующая, стимулирующая, регулирующая"
  },
  {
    "question": "Совершенная конкуренция характеризуется:",
    "variant": "Большим числом продавцов и покупателей"
  },
  {
    "question": "Равновесная цена — это:",
    "variant": "Цена, при которой спрос равен предложению"
  },
  {
    "question": "На спрос влияет:",
    "variant": "Уровень доходов населения"
  },
  {
    "question": "На предложение влияет:",
    "variant": "Себестоимость и технология производства"
  },
  {
    "question": "При избыточном спросе цены:",
    "variant": "Повышаются"
  },
  {
    "question": "При избытке товаров на рынке цены:",
    "variant": "Снижаются"
  },
  {
    "question": "Производство — это:",
    "variant": "Процесс создания экономических благ"
  },
  {
    "question": "Факторы производства включают:",
    "variant": "Землю, труд, капитал и предпринимательские способности"
  },
  {
    "question": "Основной капитал — это:",
    "variant": "Средства труда, многократно участвующие в производстве"
  },
  {
    "question": "Оборотный капитал — это:",
    "variant": "Сырьё, материалы и топливо, используемые однократно"
  },
  {
    "question": "Себестоимость продукции — это:",
    "variant": "Совокупные издержки на производство и реализацию"
  },
  {
    "question": "Постоянные издержки — это:",
    "variant": "Расходы, не зависящие от объема производства"
  },
  {
    "question": "Переменные издержки — это:",
    "variant": "Расходы, зависящие от объема выпуска"
  },
  {
    "question": "Производительность труда — это:",
    "variant": "Количество продукции, произведённой за единицу времени"
  },
  {
    "question": "Прибыль — это:",
    "variant": "Разница между доходами и издержками"
  },
  {
    "question": "Эффективность производства выражается:",
    "variant": "Соотношением результата и затрат"
  },
  {
    "question": "Закон спроса гласит:",
    "variant": "При повышении цены спрос снижается"
  },
  {
    "question": "Предложение — это:",
    "variant": "Готовность продавца продать товар по определенной цене"
  },
  {
    "question": "Закон предложения утверждает:",
    "variant": "При повышении цены предложение растет"
  },
  {
    "question": "Предпринимательство — это:",
    "variant": "Инициативная деятельность, направленная на получение прибыли"
  },
  {
    "question": "Конкуренция способствует:",
    "variant": "Повышению качества и снижению цен"
  },
  {
    "question": "Основная цель предпринимательства —",
    "variant": "Получение прибыли"
  },
  {
    "question": "Функция предпринимателя —",
    "variant": "Организация производства и принятие риска"
  },
  {
    "question": "Монополия — это:",
    "variant": "Господство одного продавца на рынке"
  },
  {
    "question": "Рыночное равновесие устанавливается, когда:",
    "variant": "Спрос равен предложению"
  },
  {
    "question": "Понятие государства",
    "variant": "общество, проживающее на определенной территории и имеющее аппарат управления"
  },
  {
    "question": "Понятие Конституции",
    "variant": "нормативно-правовой акт, главный закон государства"
  },
  {
    "question": "Срок полномочий членов Конституционного Суда:",
    "variant": "8 лет"
  },
  {
    "question": "Что такое правовая норма?",
    "variant": "Общее обязательное правило поведения"
  },
  {
    "question": "Кто назначает Председателя Конституционного суда?",
    "variant": "Президент Рк с согласия Сената"
  },
  {
    "question": "Конституционный Суд состоит из…..",
    "variant": "11 судей"
  },
  {
    "question": "Должность судьи Конституционного Суда несовместима с…",
    "variant": "депутатским мандатом"
  },
  {
    "question": "Статусы казахского и русского языков в РК?",
    "variant": "Казахский - государственный, русский - официальный"
  },
  {
    "question": "Какой орган может выдвинуть обвинение против Президента РК в совершении государственной измены?",
    "variant": "Мажилис Парламента"
  },
  {
    "question": "К какой группе прав следует отнести право на получение бесплатной медицинской помощи?",
    "variant": "Социальным"
  },
  {
    "question": "К какой группе свобод следует отнести право граждан на свободу совести?",
    "variant": "Социально-политическим"
  },
  {
    "question": "Что является высшим законодательным органом в РК",
    "variant": "Парламент"
  },
  {
    "question": "Количество депутатов Сената Парламента назначаемых Президентом?",
    "variant": "10 депутатов"
  },
  {
    "question": "Кто имеет право вводить военное положение в РК?",
    "variant": "Президент"
  },
  {
    "question": "Какой деятельностью имеют право заниматься Члены Правительства, кроме своей основной работы?",
    "variant": "Заниматься научной деятельностью"
  },
  {
    "question": "Кто принимает решение о проведении референдума?",
    "variant": "Президент"
  },
  {
    "question": "Кто назначается Президентом?",
    "variant": "Генеральный прокурор"
  },
  {
    "question": "Нынешний Президент РК избран на срок:",
    "variant": "7 лет"
  },
  {
    "question": "Одно и то же лицо может быть избрано Президентом…",
    "variant": "Не более одного раза"
  },
  {
    "question": "Какой процент голосов необходимо получить кандидату для занятия должности Президента РК:",
    "variant": "Более 50 %"
  },
  {
    "question": "Кандидат в Президенты РК должен быть гражданином…",
    "variant": "Получивший его по рождению"
  },
  {
    "question": "Что относится к личным правам?",
    "variant": "право на свободу передвижения"
  },
  {
    "question": "К политическим правам относятся:",
    "variant": "право на митинг"
  },
  {
    "question": "К какой группе свобод следует отнести право граждан на труд?",
    "variant": "к социальной"
  },
  {
    "question": "Освобождает ли незнание законов от ответственности?",
    "variant": "Не освобождает"
  },
  {
    "question": "Время задержания лица без санкции суда в соответствии с УПК РК?",
    "variant": "Не более 72 часов"
  },
  {
    "question": "Статья Конституции РК, закрепляющая право человека на жизнь?",
    "variant": "Ст.15"
  },
  {
    "question": "Кем решается вопрос о приеме в гражданство?",
    "variant": "Президентом"
  },
  {
    "question": "Гражданство - это…",
    "variant": "Политико-правовая связь лица с государством"
  },
  {
    "question": "Форма государственного устройства РК?",
    "variant": "Унитарное"
  },
  {
    "question": "Понятие федеративного государства",
    "variant": "Государство, где существуют самостоятельные государственные образования"
  },
  {
    "question": "Унитарное государство – это государство, где есть…",
    "variant": "Деление на административно-территориальные единицы"
  },
  {
    "question": "Признак государства, выражающийся в верховенстве государственной власти внутри страны и её независимости вовне?",
    "variant": "Суверенитет"
  },
  {
    "question": "Преамбулой Конституции является…",
    "variant": "Вводная часть"
  },
  {
    "question": "Местный представительный орган -…",
    "variant": "Маслихат"
  },
  {
    "question": "Местный исполнительный орган…",
    "variant": "Акимат"
  },
  {
    "question": "Соглашение между работодателем и работником, по которому рабочий или служащий обязуется выполнять работу по определенной специальности, квалификации:",
    "variant": "трудовой договор (контракт)"
  },
  {
    "question": "Виды трудовых договоров:",
    "variant": "контракт"
  },
  {
    "question": "Особая категория служащих, работающих в государственных органах, учреждениях организациях, называется…",
    "variant": "госслужащие"
  },
  {
    "question": "Поездка работника по распоряжению руководителя предприятия для выполнения служебного поручения:",
    "variant": "командировка"
  },
  {
    "question": "Ночным временем суток считается:",
    "variant": "с 22.00 до 6.00 утра"
  },
  {
    "question": "Способность к трудовой деятельности, зависящей от состояния здоровья человека – это...",
    "variant": "трудоспособность"
  },
  {
    "question": "Прекращение трудового правоотношения между рабочим с одной стороны и предприятием с другой – это…",
    "variant": "увольнение"
  },
  {
    "question": "Длительная либо полная утрата трудоспособности, либо ее значительное ограничение – это…",
    "variant": "инвалидность"
  },
  {
    "question": "Источник права, регулирующий вопросы о защите прав труда и все, с ним связанное – это…",
    "variant": "Кодекс о труде"
  },
  {
    "question": "Неявка на работу без уважительных причин в течение всего рабочего времени – это…",
    "variant": "прогул"
  },
  {
    "question": "Поощрительная выплата, получаемая трудящимся за достижения в труде – это…",
    "variant": "премия"
  },
  {
    "question": "Какие работники допускаются к работе в ночное время?",
    "variant": "совершеннолетние"
  },
  {
    "question": "Постановление суда первой инстанции, которым гражданское дело разрешается по существу – это…",
    "variant": "решение суда"
  },
  {
    "question": "В каких случаях супруг или супруга имеют право расторгнуть брак без согласия одной из сторон?",
    "variant": "В случае осуждения супруга или супруги сроком более 3 лет"
  },
  {
    "question": "Брачный контракт содержит:",
    "variant": "вопросы имущественного характера"
  },
  {
    "question": "Равноправный союз между мужчиной и женщиной, заключенный при свободном и полном согласии, порождающий имущественные и личные права и обязанности – это:",
    "variant": "брак"
  },
  {
    "question": "Суррогатное материнство – это…",
    "variant": "возможность вынашивания искусственно оплодотворенного зародыша для конкретной семьи"
  },
  {
    "question": "Правовая форма передачи ребенка на воспитание в семью на основании судебного решения, в результате которого возникают личные и имущественные права и обязанности:",
    "variant": "усыновление"
  },
  {
    "question": "В каких случаях брак расторгается по заявлению одного из супругов?",
    "variant": "при признание одного из супругов безвестно отсутствующим"
  },
  {
    "question": "В каком размере взыскиваются алименты на содержание одного несовершеннолетнего ребенка?",
    "variant": "25 % с заработка родителя"
  },
  {
    "question": "В каком размере взыскиваются алименты на содержание двух несовершеннолетних детей?",
    "variant": "1/3 часть заработной платы"
  },
  {
    "question": "Нераздельной собственностью супругов считается…",
    "variant": "собственность, оставленная в наследство супругу"
  },
  {
    "question": "Недействительным брак признаётся, заключенный…",
    "variant": "между двоюродными братьями и сестрами"
  },
  {
    "question": "Какие права теряют родители, лишенные родительских прав?",
    "variant": "получать алименты с детей"
  },
  {
    "question": "Принадлежность лица к определенному государству, порождающая взаимные юридические права и обязанности – это…",
    "variant": "гражданство"
  },
  {
    "question": "Распоряжение о своем имуществе на случай смерти, сделанное в установленной законной форме – это…",
    "variant": "Завещание"
  },
  {
    "question": "Дееспособность - это…",
    "variant": "Возможность самостоятельно своими действиями приобретать права и налагать обязанности"
  },
  {
    "question": "Какой вид собственности признается и защищается в РК?",
    "variant": "Равным образом государственная и частная собственность"
  },
  {
    "question": "В чьей собственности находятся недра, воды, флора и фауна РК?",
    "variant": "В государственной собственности"
  },
  {
    "question": "Форма обращения в суд за защитой нарушенного или оспариваемого права – это…",
    "variant": "исковое заявление"
  },
  {
    "question": "Совокупность юридических норм, устанавливающих виды налогов в данном государстве, порядок их взимания и регулирующих отношения, связанные с налоговыми обязательствами, – это…",
    "variant": "налоговое законодательство"
  },
  {
    "question": "Действия, направленные на установление, изменение и прекращение гражданских прав и обязанностей – это…",
    "variant": "сделка"
  },
  {
    "question": "Конкретная обязанность, совокупность взаимосвязанных обязанностей, принимаемых одной из договаривающихся сторон по отношению к другой стороне – это…",
    "variant": "обязательство"
  },
  {
    "question": "Организация, учреждение, предприятие, обладающее обособленным имуществом и т.п., называется…",
    "variant": "юридическое лицо"
  },
  {
    "question": "События и действия, с которыми закон связывает наступление определенных правовых последствий, то есть возникновение, прекращение или изменение гражданских прав и обязанностей – это…",
    "variant": "юридические факты"
  },
  {
    "question": "Неисполнение или исполнение по истечении установленного срока предусмотренного обязательством действия – это…",
    "variant": "просрочка"
  },
  {
    "question": "Правовое отношение, в котором на одной стороне выступает кредитор, а на другой должник:",
    "variant": "обязательство"
  },
  {
    "question": "В гражданском праве - договор, согласно которому одно лицо обязывается перед кредитором другого лица-должника отвечать за исполнения, гарантия обязательства:",
    "variant": "поручительство"
  },
  {
    "question": "Адресованное одному или нескольким лицам предложение, которое достаточно определенно выражает намерение лица, сделавшего предложение – это…",
    "variant": "оферта"
  },
  {
    "question": "Какие лица признаются в судебном порядке ограниченно дееспособными?",
    "variant": "алкоголики и наркоманы"
  },
  {
    "question": "Ценная бумага, удостоверяющая членство в акционерном обществе и связанные с членством имущественные и неимущественные права – это…",
    "variant": "акция"
  },
  {
    "question": "Способ обеспечения доказательства, при котором кредитор приобретает право в случае неисполнения должником обязательств получить удовлетворение за счет заложенного имущества преимущественно перед другими кредиторами:",
    "variant": "залог"
  },
  {
    "question": "Совокупность признаков, характеризующих конкретное общественно опасное деяние, как преступление называется…",
    "variant": "составом преступления"
  },
  {
    "question": "Преступлениями против животного и растительного мира, называется…",
    "variant": "экологические преступления"
  },
  {
    "question": "Лицо, совершившее преступление в состоянии опьянения…",
    "variant": "не освобождается от уголовной ответственности"
  },
  {
    "question": "Выделение денежных средств из государственного денежного фонда юридическим или физическим лицам, носящее целевой характер",
    "variant": "субсидия"
  },
  {
    "question": "Политические гарантии законности:",
    "variant": "стабильное развитие общества"
  },
  {
    "question": "Особенности первобытнообщинного строя:",
    "variant": "совместная трудовая деятельность"
  },
  {
    "question": "Виды форм правления",
    "variant": "конституционная монархия"
  },
  {
    "question": "Источники права",
    "variant": "юридический прецедент"
  },
  {
    "question": "Преступление – это...",
    "variant": "деяния за которое предусматривается уголовная ответственность"
  },
  {
    "question": "Элементы структуры правового статуса человека",
    "variant": "правовые принципы"
  },
  {
    "question": "По вопросам приема гражданства издается …",
    "variant": "указ"
  },
  {
    "question": "Премьер – Министр представляет доклад о Программе Правительства …",
    "variant": "Парламенту"
  },
  {
    "question": "Пассивное избирательное право – это право граждан быть избранными …",
    "variant": "Депутатом Мажилиса Парламента"
  },
  {
    "question": "Высший орган избирательной системы в РК – это …",
    "variant": "ЦИК РК"
  },
  {
    "question": "Мажоритарная система – это …",
    "variant": "Система, избранным считается кандидат, набравший более 50 % голосов"
  },
  {
    "question": "Кандидатом в депутаты Сената Парламента может быть лицо, достигшее …",
    "variant": "30 лет"
  },
  {
    "question": "Что такое денежная единица?",
    "variant": "это установленный государством денежный знак"
  },
  {
    "question": "Административное право – это...",
    "variant": "система административно-правовых норм"
  },
  {
    "question": "Предметом административного права являются:",
    "variant": "Отношения в сфере деятельности органов гос. управления"
  },
  {
    "question": "Предметом административного права не могут являться:",
    "variant": "Отношения в сфере деятельности политических партий"
  },
  {
    "question": "Отрасль права, регулирующая общественные отношения, связанные с совершением преступных деяний, назначением наказания и применением иных мер уголовно-правового характера",
    "variant": "уголовное право"
  },
  {
    "question": "Что является основным источником права в большинстве государств континентальной правовой системы?",
    "variant": "Нормативно-правовой акт"
  },
  {
    "question": "Понятие «финансовая грамотность» означает:",
    "variant": "Способность управлять личными финансами"
  },
  {
    "question": "Какой навык является основой финансовой грамотности?",
    "variant": "Умение планировать и учитывать доходы и расходы"
  },
  {
    "question": "Функциональными элементами управления финансами являются:",
    "variant": "финансовое прогнозирование и планирование, финансовый контроль, оперативное управление"
  },
  {
    "question": "Что называют «финансовой подушкой безопасности»?",
    "variant": "Запас денежных средств на случай непредвиденных расходов"
  },
  {
    "question": "Меры по защите имущества от утери, кражи, порчи и других рисков",
    "variant": "финансовая безопасность"
  },
  {
    "question": "Кто имеет право запрашивать пароли, срок действия банковской карты, код CVV с обратной стороны пластика и другие финансовые данные?",
    "variant": "никто"
  },
  {
    "question": "Как называют правило финансовой безопасности, которое рекомендует: «не храните накопления в одном месте, часть денег можно положить на вклад, часть - инвестировать в драгоценные металлы или ценные бумаги, часть - оставить дома наличными»",
    "variant": "диверсификация"
  },
  {
    "question": "Какой из перечисленных доходов является активным?",
    "variant": "Ежемесячная заработная плата"
  },
  {
    "question": "Зачем нужно вести личный бюджет?",
    "variant": "Чтобы отслеживать свои доходы и расходы"
  },
  {
    "question": "Что НЕ является примером пассивного дохода?",
    "variant": "Зарплата"
  },
  {
    "question": "Что поможет избежать долговой зависимости?",
    "variant": "Финансовое планирование и создание резерва"
  },
  {
    "question": "Что означает термин «инвестиции»",
    "variant": "Финансовое вложение с целью получения дохода в будущем"
  },
  {
    "question": "Какой орган в Казахстане проводит эмиссию национальной валюты и проведение денежно-кредитной политики",
    "variant": "Национальный Банк РК"
  },
  {
    "question": "Что из перечисленного относится к функциям коммерческих банков?",
    "variant": "Прием вкладов, выдача кредитов, расчетно-кассовое обслуживание"
  },
  {
    "question": "Банковский депозит",
    "variant": "Средства, размещенные клиентом в банке на определенных условиях"
  },
  {
    "question": "Какая организация гарантирует сохранность вкладов физических лиц в банках РК?",
    "variant": "Казахстанский фонд гарантирования депозитов"
  },
  {
    "question": "Какой из перечисленных вкладов обычно имеет более высокий процент?",
    "variant": "Срочный депозит"
  },
  {
    "question": "Сумма денег, внесенная на счет в банке, с целью ее сохранения или получения сумм вознаграждения",
    "variant": "депозит"
  },
  {
    "question": "Что означает «ликвидность банка»?",
    "variant": "Способность своевременно выполнять свои обязательства перед вкладчиками и кредиторами"
  },
  {
    "question": "Установленный законодательством номинал денежного знака, который служит для соизмерения цен всех товаров - это?",
    "variant": "денежная единица"
  },
  {
    "question": "Национальный банк РК подотчётен",
    "variant": "Президенту РК"
  },
  {
    "question": "Финансовый институт, осуществляющий денежно-кредитное регулирование в РК?",
    "variant": "Национальный банк РК"
  },
  {
    "question": "Что входит в двухуровневую банковскую систему Казахстана?",
    "variant": "Национальный банк и коммерческие банки"
  },
  {
    "question": "Что такое кредит",
    "variant": "Предоставление денежных средств на определённый срок с условием возврата и оплаты процентов"
  },
  {
    "question": "За использование денег в кредит заемщики уплачивают банку соответствующие …?",
    "variant": "проценты"
  },
  {
    "question": "Что означает «обеспеченный кредит»",
    "variant": "Требует залога или поручительства"
  },
  {
    "question": "График платежей закрепляется между кредитором и заемщиком в …?",
    "variant": "кредитном договоре"
  },
  {
    "question": "Равные суммы платежей по кредитным обязательствам через равные промежутки времени это -…",
    "variant": "аннуитетный платеж"
  },
  {
    "question": "Как называется сумма, которую должник обязан уплатить кредитору в случае неисполнения или ненадлежащего исполнения обязательства, в частности в случае просрочки исполнения:",
    "variant": "неустойка"
  },
  {
    "question": "Суммы, взимаемые банком с клиента, за совершение операций, например оплату чека или получения наличности через банкомат",
    "variant": "банковская комиссия"
  },
  {
    "question": "Одна из форм обеспечения возвратности кредита",
    "variant": "гарантия"
  },
  {
    "question": "Фактор, влияющий на решение банка о выдаче кредита",
    "variant": "залоговое обеспечение кредита"
  },
  {
    "question": "Письменное долговое обязательство, дающее его владельцу право по наступлению срока требовать от должника уплаты суммы – это",
    "variant": "вексель"
  },
  {
    "question": "Минимальный денежный доход на одного человека, равный по величине стоимости минимальной потребительской корзины",
    "variant": "прожиточный минимум ПМ"
  },
  {
    "question": "Минимальная сумма доходов, которая необходима человеку для обеспечения базовых потребностей",
    "variant": "прожиточный минимум ПМ"
  },
  {
    "question": "Базовая единица измерения, которая используется для расчёта налогов, штрафов, пособий, социальных выплат и других обязательных платежей",
    "variant": "месячный расчётный показатель МРП"
  },
  {
    "question": "Сумма, ниже которой работодатель не может установить зарплату своему сотруднику за полный рабочий месяц",
    "variant": "минимальная заработная плата МЗП"
  },
  {
    "question": "Ставка Обязательных пенсионных взносов составляет ОПВ?",
    "variant": "10%"
  },
  {
    "question": "Ставка - Обязательный пенсионный взнос работодателя ОПВР",
    "variant": "2,5%"
  },
  {
    "question": "Ставка - Обязательный пенсионный профессиональный взнос ОППВ",
    "variant": "5%"
  },
  {
    "question": "Ставка социальных отчислений СО составляет?",
    "variant": "5%"
  },
  {
    "question": "Ставка Социального налога СН:",
    "variant": "11%"
  },
  {
    "question": "Ставка - Индивидуальный подоходный налог ИПН:",
    "variant": "10%"
  },
  {
    "question": "Ставка - Взнос на ОСМС работником ВОСМС:",
    "variant": "2%"
  },
  {
    "question": "Ставка - Отчисления на ОСМС ООСМС:",
    "variant": "3%"
  },
  {
    "question": "Основная цель ГФСС",
    "variant": "Социальная защита"
  },
  {
    "question": "Основная цель ЕНПФ",
    "variant": "Пенсионные накопления"
  },
  {
    "question": "Основная цель ФОСМС",
    "variant": "Медицинское страхование"
  },
  {
    "question": "Основная цель Национального фонда",
    "variant": "Макроэкономическая стабильность"
  },
  {
    "question": "За счёт каких источников формируется Национальный фонд РК?",
    "variant": "Налоги на недропользование и поступления из нефтегазового сектора"
  },
  {
    "question": "За счёт каких источников чаще всего формируются внебюджетные фонды?",
    "variant": "Обязательных взносов граждан и организаций, целевых налогов"
  },
  {
    "question": "Какие категории выплат осуществляются за счёт Государственного фонда социального страхования?",
    "variant": "Социальные выплаты по утрате трудоспособности, потере кормильца, беременности и родам"
  },
  {
    "question": "Какая основная цель инвестиционной деятельности ЕНПФ?",
    "variant": "Сохранность и приумножение пенсионных накоплений вкладчиков"
  },
  {
    "question": "Кто контролирует деятельность ЕНПФ?",
    "variant": "Национальный банк РК"
  },
  {
    "question": "Что такое ИИН в пенсионной системы?",
    "variant": "Индивидуальный идентификационный номер гражданина"
  },
  {
    "question": "Как называется выплата, которую можно получить до выхода на пенсию для целей жилья или лечения?",
    "variant": "Единовременное изъятие пенсионных накоплений"
  },
  {
    "question": "Какой документ подтверждает наличие пенсионных накоплений гражданина?",
    "variant": "Выписка из индивидуального пенсионного счёта"
  },
  {
    "question": "Что входит в состав финансовой системы государства?",
    "variant": "денежные фонды, финансово-экономические институты, финансовые учреждения"
  },
  {
    "question": "Централизованный денежный фонд государства, объединяющий республиканский и местные бюджеты без учета взаимопогашаемых операций между ними это - ?",
    "variant": "государственный бюджет"
  },
  {
    "question": "Чем для бюджета являются налоговые, неналоговые поступления, поступления от продажи основного капитала, поступления трансфертов?",
    "variant": "доходами"
  },
  {
    "question": "Способы покрытия бюджетного  дефицита:",
    "variant": "государственный займы, увеличения налогообложения, эмиссия денег"
  },
  {
    "question": "Какое назначение выполняют налоги?",
    "variant": "пополнение доходной части бюджета"
  },
  {
    "question": "Институционально организованный рынок ценных бумаг, работающий на основе централизованных предложений о купле-продаже ценных бумаг, выставляемых биржевыми брокерами по поручениям институциональных и индивидуальных инвесторов",
    "variant": "фондовая биржа"
  },
  {
    "question": "Лица, ведущие посредническую деятельность на фондовом рынке, осуществляющие покупку ценных бумаг от своего имени и за свой счет с целью их последующего размещения среди инвесторов",
    "variant": "инвестиционные дилеры и брокеры"
  },
  {
    "question": "Приведение будущей стоимости инвестируемых средств к их текущей стоимости - это",
    "variant": "дисконтирование"
  },
  {
    "question": "На какие виды делятся источники финансирования инвестиций?",
    "variant": "собственные, привлечённые, заёмные"
  },
  {
    "question": "Сумма денег, выплачиваемая страховщиком страхователю (выгодоприобретателю) в пределах страховой суммы при наступлении страхового случая либо при наступлении срока, определенного в договоре накопительного страхования",
    "variant": "Страховая выплата"
  },
  {
    "question": "Лицо, заключившее договор страхования со страховщиком",
    "variant": "Страхователь"
  },
  {
    "question": "Комплекс отношений по имущественной защите законных интересов физического или юридического лица при наступлении страхового случая или иного события, определенного договором страхования, посредством страховой выплаты, осуществляемой страховой организацией за счет своих активов",
    "variant": "Страхование"
  },
  {
    "question": "Лицо, обязанное при наступлении страхового случая произвести страховую выплату страхователю или иному лицу, в пользу которого заключен договор страхования, в пределах определенной договором суммы",
    "variant": "Страховщик"
  },
  {
    "question": "Сумма денег, которую страхователь обязан уплатить страховщику за принятие последним обязательств произвести страховую выплату страхователю (выгодоприобретателю) в размере, определенном договором страхования или аннуитета",
    "variant": "Страховая премия"
  },
  {
    "question": "Сумма денег, на которую застрахован объект страхования и которая представляет собой предельный объем ответственности страховщика при наступлении страхового случая",
    "variant": "Страховая сумма"
  },
  {
    "question": "Действительная (фактическая) стоимость объекта страхования на момент заключения договора страхования",
    "variant": "Страховая стоимость"
  },
  {
    "question": "Событие, предусмотренное договором страхования, с наступлением которого возникает обязанность страховщика произвести страховую выплату страхователю или выгодоприобретателю",
    "variant": "Страховой случай"
  },
  {
    "question": "Обязательства страховой (перестраховочной) организации по договорам страхования (перестрахования), оцениваемые на основе актуарных расчетов",
    "variant": "Страховые резервы"
  },
  {
    "question": "Определенная часть убытков страхователя, не подлежащая возмещению страховщиком в соответствии с условиями страхования",
    "variant": "Франшиза"
  },
  {
    "question": "В основе распределения и использования страхового фонда лежат:",
    "variant": "фактический ущерб и страховые случаи"
  },
  {
    "question": "Обязательные пенсионные взносы, обязательные профессиональные пенсионные взносы, обязательные пенсионные взносы работодателя, социальные отчисления, уплачиваемые в соответствии с Социальным кодексом Республики Казахстан, отчисления и взносы на обязательное социальное медицинское страхование, уплачиваемые в соответствии с Законом РК «Об обязательном социальном медицинском страховании» это",
    "variant": "социальные платежи"
  },
  {
    "question": "Когда людям не хватает предметов первой необходимости для выживания это",
    "variant": "абсолютная бедность"
  },
  {
    "question": "Невозможность поддерживать уровень приличествующей жизни, или некоторый стандарт жизни, принятый в данном обществе это",
    "variant": "относительная бедность"
  },
  {
    "question": "Обязательный платеж, производимый как физическими, так и юридическими лицами в бюджет это:",
    "variant": "налог"
  },
  {
    "question": "Величина налога на единицу обложения (на единицу денежного дохода и т.д.), это:",
    "variant": "ставка налога"
  },
  {
    "question": "Налог, который представляет собой отчисления в бюджет части прироста стоимости, добавленной в процессе реализации товаров и услуг это",
    "variant": "налог на добавленную стоимость НДС"
  },
  {
    "question": "Плательщиками, какого налога являются физические лица, имеющие налогооблагаемый доход",
    "variant": "индивидуальный подоходный налог"
  },
  {
    "question": "Лицо, являющееся плательщиком налогов и платежей в бюджет это",
    "variant": "налогоплательщик"
  },
  {
    "question": "Он обязан исчислять, удерживать и перечислять налоги в соответствии с налоговым законодательством РК в полном объеме и в установленные сроки.",
    "variant": "налоговый агент"
  },
  {
    "question": "Период времени, установленный применительно к отдельным видам налогов и платежей в бюджет, по окончании которого определяются объект налогообложения, налоговая база, исчисляются суммы налогов и платежей это",
    "variant": "налоговый период"
  },
  {
    "question": "В какой момент заканчивается обязанность выплачивать налоги?",
    "variant": "при уплате налога"
  },
  {
    "question": "Объектом налога на имущество с физических лиц являются:",
    "variant": "жилые помещения, сооружения"
  },
  {
    "question": "Уплата налога на имущество физическими лицами производится в срок:",
    "variant": "до 1 октября года, следующего за отчетным годом"
  },
  {
    "question": "От уплаты налога на имущество освобождаются",
    "variant": "военнослужащие срочной службы"
  },
  {
    "question": "Срок уплаты транспортного налога для физических лиц",
    "variant": "до 1 апреля года, следующего за отчетным периодом"
  },
  {
    "question": "Какая категория граждан является плательщиками земельного налога:",
    "variant": "физические лица имеющие земельные участки на праве собственности"
  },
  {
    "question": "Объектом обложения социального налога является:",
    "variant": "заработная плата и другие выплаты работникам"
  },
  {
    "question": "Доходы, не подлежащие обложению ИПН…",
    "variant": "Адресная социальная помощь, алименты на детей"
  },
  {
    "question": "Налог, который платит работодатель за работников из собственных средств в бюджет государства?",
    "variant": "социальный налог"
  },
  {
    "question": "Как называется процедура допуска эмиссионных ценных бумаг к обращению в торговой системе фондовой биржи?",
    "variant": "листинг"
  },
  {
    "question": "Вычеты из заработной платы в Государственный фонд социального страхования (ГФСС)",
    "variant": "социальные отчисления"
  },
  {
    "question": "Укажите источники личных доходов",
    "variant": "заработная плата, доходы от собственности, рентные платежи"
  },
  {
    "question": "Домашнее хозяйство это",
    "variant": "деятельность людей по содержанию общего жилища и организации своей жизни в доме"
  }
]